-- phpMyAdmin SQL Dump
-- version 4.0.10.18
-- https://www.phpmyadmin.net
--
-- Servidor: localhost:3306
-- Tiempo de generación: 16-10-2017 a las 13:46:04
-- Versión del servidor: 5.6.36-cll-lve
-- Versión de PHP: 5.6.30

SET SQL_MODE = "NO_AUTO_VALUE_ON_ZERO";
SET time_zone = "+00:00";


/*!40101 SET @OLD_CHARACTER_SET_CLIENT=@@CHARACTER_SET_CLIENT */;
/*!40101 SET @OLD_CHARACTER_SET_RESULTS=@@CHARACTER_SET_RESULTS */;
/*!40101 SET @OLD_COLLATION_CONNECTION=@@COLLATION_CONNECTION */;
/*!40101 SET NAMES utf8 */;

--
-- Base de datos: `imex2000_sistema`
--

-- --------------------------------------------------------

--
-- Estructura de tabla para la tabla `cargos`
--

CREATE TABLE IF NOT EXISTS `cargos` (
  `id_cargo` int(11) NOT NULL AUTO_INCREMENT,
  `cargo` varchar(80) NOT NULL,
  PRIMARY KEY (`id_cargo`)
) ENGINE=MyISAM  DEFAULT CHARSET=latin1 AUTO_INCREMENT=43 ;

--
-- Volcado de datos para la tabla `cargos`
--

INSERT INTO `cargos` (`id_cargo`, `cargo`) VALUES
(42, 'Supervisor'),
(41, 'Administrador'),
(40, 'Mecánico C'),
(39, 'Mecánico B'),
(38, 'Soldador A'),
(37, 'Mecánico A');

-- --------------------------------------------------------

--
-- Estructura de tabla para la tabla `clientes`
--

CREATE TABLE IF NOT EXISTS `clientes` (
  `id_cliente` int(11) NOT NULL AUTO_INCREMENT,
  `ruc` varchar(11) NOT NULL,
  `raz_soc` varchar(40) NOT NULL,
  `contacto` varchar(40) NOT NULL,
  `direccion` varchar(80) NOT NULL,
  `dpto` varchar(2) NOT NULL,
  `prv` varchar(2) NOT NULL,
  `dis` varchar(2) NOT NULL,
  `referencia` text NOT NULL,
  `celular1` varchar(9) NOT NULL,
  `celular2` varchar(9) NOT NULL,
  `tel1` varchar(10) NOT NULL,
  `correo` varchar(40) NOT NULL,
  `estado` varchar(1) NOT NULL,
  PRIMARY KEY (`id_cliente`),
  KEY `cod_vendedor` (`id_cliente`)
) ENGINE=MyISAM  DEFAULT CHARSET=utf8 AUTO_INCREMENT=2531 ;

--
-- Volcado de datos para la tabla `clientes`
--

INSERT INTO `clientes` (`id_cliente`, `ruc`, `raz_soc`, `contacto`, `direccion`, `dpto`, `prv`, `dis`, `referencia`, `celular1`, `celular2`, `tel1`, `correo`, `estado`) VALUES
(2498, '20180312481', 'IMEX 2000 S.A.', '', 'CALLE 1 MZ X LOTE 9 COOPERATIVA LAS VERTIENTES', '15', '01', '43', '', '', '', '', '', 'A'),
(2499, '20554446095', 'EIMEM SAC', '', 'CALLE 1 MZ X LOTE 9 COOPERATIVA LAS VERTIENTE', '15', '01', '43', '', '', '', '', '', 'A'),
(2500, '20492744833', 'MILPO ANDINA PERú S.A.C.', '', 'AV. SAN BORJA NORTE 523', '15', '01', '30', '', '', '', '', '', 'A'),
(2525, '21141221141', 'COMPAñíA MINERA ATACOCHA', '', 'LIMA', '15', '01', '11', '', '', '', '', '', 'A'),
(2526, '20601086752', 'AYOR S.A.C.', '', 'AV. MALECON CHECA NRO. 3777 URB. LOTZ. RUS. CAMPOY', '15', '01', '32', '', '', '', '', '', 'A'),
(2527, '20528917527', 'IMPROMEC S.R.L', '', 'PJ. JOSE C. MARIATEGUI MZA E LOTE 23 INT. 3 URB. COVIMA', '15', '01', '14', '', '', '', '', '', 'A'),
(2528, '20100005680', 'COMPAÑIA MINERA CONDESTABLE S.A.', '', 'AV. MANUEL OLGUIN NRO. 501 INT. 803 URB. HARAS TYBER', '15', '01', '40', '', '', '', '', '', 'A'),
(2529, '20101076289', 'AUREX S.A.', '', 'CAL. LAS CAMELIAS NRO. 511 INT. 801', '15', '01', '31', '', '', '', '', '', 'A'),
(2530, '20489682363', 'JHIRE CONSULTORES EJECUTORES Y SERVICIOS', '', 'JR. VICTOR ROMERO MZA. W LOTE. 6 URB. REAL DE MINAS', '19', '01', '01', 'A ESPALDAS DEL BANCO DE CREDITO', '', '', '', '', 'A');

-- --------------------------------------------------------

--
-- Estructura de tabla para la tabla `contadores`
--

CREATE TABLE IF NOT EXISTS `contadores` (
  `id` int(11) NOT NULL AUTO_INCREMENT,
  `no_ot` int(11) NOT NULL,
  PRIMARY KEY (`id`)
) ENGINE=MyISAM  DEFAULT CHARSET=latin1 AUTO_INCREMENT=2 ;

--
-- Volcado de datos para la tabla `contadores`
--

INSERT INTO `contadores` (`id`, `no_ot`) VALUES
(1, 8);

-- --------------------------------------------------------

--
-- Estructura de tabla para la tabla `estados`
--

CREATE TABLE IF NOT EXISTS `estados` (
  `id_estado` int(11) NOT NULL AUTO_INCREMENT,
  `estado` varchar(60) NOT NULL,
  PRIMARY KEY (`id_estado`)
) ENGINE=MyISAM  DEFAULT CHARSET=latin1 AUTO_INCREMENT=5 ;

--
-- Volcado de datos para la tabla `estados`
--

INSERT INTO `estados` (`id_estado`, `estado`) VALUES
(1, 'Activo'),
(3, 'Cerrado'),
(4, 'Anulado');

-- --------------------------------------------------------

--
-- Estructura de tabla para la tabla `mano_obra`
--

CREATE TABLE IF NOT EXISTS `mano_obra` (
  `id` int(11) NOT NULL AUTO_INCREMENT,
  `id_ot` int(11) NOT NULL,
  `no_ot` int(11) NOT NULL,
  `fecha` date NOT NULL,
  `id_personal` int(11) NOT NULL,
  `cargo` varchar(60) NOT NULL,
  `trabajo` varchar(120) NOT NULL,
  `id_tipo_hora` int(11) NOT NULL,
  `precio_tipo_hora` float(10,2) NOT NULL,
  `num_horas` int(11) NOT NULL,
  `marcado` varchar(1) NOT NULL,
  PRIMARY KEY (`id`)
) ENGINE=MyISAM  DEFAULT CHARSET=latin1 AUTO_INCREMENT=20 ;

-- --------------------------------------------------------

--
-- Estructura de tabla para la tabla `materiales`
--

CREATE TABLE IF NOT EXISTS `materiales` (
  `id_material` int(11) NOT NULL AUTO_INCREMENT,
  `material` varchar(80) CHARACTER SET utf8 COLLATE utf8_spanish_ci NOT NULL,
  `id_unidad` int(10) NOT NULL,
  `precio` float(8,2) NOT NULL,
  PRIMARY KEY (`id_material`)
) ENGINE=MyISAM  DEFAULT CHARSET=latin1 AUTO_INCREMENT=1383 ;

--
-- Volcado de datos para la tabla `materiales`
--

INSERT INTO `materiales` (`id_material`, `material`, `id_unidad`, `precio`) VALUES
(1, 'ALAMBRE N°16 COMFER', 13, 2.28),
(2, '4 RODILLOS 1.6MM SOLID', 14, 389.89),
(3, '4 RODILLOS 1.6MM TUBU', 14, 494.42),
(4, 'ABRAZADERA 1/4"', 15, 0.84),
(5, 'ABRAZADERA Ø 1 1/2" - UNISTRUT', 15, 0.87),
(6, 'ABRAZADERA Ø 1"', 15, 1.27),
(7, 'ABRAZADERA Ø 2" - UNISTRUT', 15, 1.23),
(8, 'ABRAZADERA Ø 3/4"', 15, 8.00),
(9, 'ABRAZADERA Ø 3/8" (8 - 12) ', 15, 0.75),
(10, 'ABRAZADERA PARTA TUBO DE 1" POLEPROPILENO', 16, 52.11),
(11, 'ABRAZADERA PARTA TUBO DE 1/2" POLEPROPILENO', 16, 42.24),
(12, 'ABRAZADERA PARTA TUBO DE 3/4" POLEPROPILENO', 16, 34.88),
(13, 'ABRAZADERA TUBERIA 19MM POLIPROPILENO LIGHT EATON', 15, 25.43),
(14, 'ABRAZADERA TUBERIA 6MM POLIPROPILENO LIGHT BF.', 15, 12.71),
(15, 'ABRAZADERA ZINCADA Ø 20-32mm ', 15, 1.70),
(16, 'ACCESORIOS PARA TANQUE BAJO', 14, 27.97),
(17, 'ACEITE 15W-40 DIESEL - MOBIL', 17, 16.95),
(18, 'ACETILENO', 13, 31.36),
(19, 'ACETILENO - INDURA', 13, 30.00),
(20, 'ACIDO MURIATICO', 17, 5.93),
(21, 'ACONDICIONADOR DE METALES - UNIVERSAL COLORS', 18, 30.56),
(22, 'ACONDICIONADOR DE METALES UNIDIL 1600', 18, 36.64),
(23, 'ACOPLE  NPT 1" ', 16, 16.95),
(24, 'ACOPLE RAPIDO HANTON 1" MACHO', 15, 290.41),
(25, 'ADAPTADOR - REDUCCION 3/4 - 1/2', 16, 3.39),
(26, 'ADAPTADOR 1/2"', 16, 1.48),
(27, 'ADAPTADOR 1/2" CPVC', 16, 2.12),
(28, 'ADAPTADOR 10MJ-12FP', 15, 19.83),
(29, 'ADAPTADOR 16FP-16FP', 16, 4.00),
(30, 'ADAPTADOR 16MP-16MP', 16, 2.80),
(31, 'ADAPTADOR 2022-1212 M JIC/HNPT', 16, 21.19),
(32, 'ADAPTADOR 20MB - 16FP', 16, 21.19),
(33, 'ADAPTADOR 8MJ-12FP', 15, 16.50),
(34, 'ADAPTADOR INOX CODO 90° MACHO BOSS 1/2" x MACHO 3/4" O.D. + SET FERULA + TUERCA ', 14, 209.72),
(35, 'ADAPTADOR INOX CODO 90° MACHO BOSS 3/4" x MACHO 1" O.D. + SET FERULA + TUERCA SS', 14, 291.95),
(36, 'ADAPTADOR INOX CODO 90° MACHO BOSS 5/8" x MACHO 1" O.D. + SET FERULA + TUERCA SS', 14, 275.13),
(37, 'ADAPTADOR INOX RECTO M BOSS 1" x MACHO 1" O.D. + SET FERULA + TUERCA SS316 - HAM', 14, 181.61),
(38, 'ADAPTADOR INOX RECTO MACHO BOSS 1/2" x MACHO 1/2" O.D. + SET FERULA + TUERCA SS3', 14, 148.83),
(39, 'ADAPTADOR INOX RECTO MACHO BOSS 1/2" x MACHO 3/4" O.D. + SET FERULA + TUERCA SS3', 14, 172.28),
(40, 'ADAPTADOR INOX RECTO MACHO BOSS 5/8" x MACHO 3/4" O.D. + SET FERULA + TUERCA SS3', 14, 158.68),
(41, 'ADAPTADOR MACHO M12 x 1.00 x TUBING INOX', 16, 102.54),
(42, 'ADAPTADOR MAGNETICO 5/10', 16, 8.47),
(43, 'ADAPTADOR Ø 1/2" S/R AGUA CALIENTE', 15, 0.85),
(44, 'AEROSOL LIMPIADOR SKC-S x 300gr - MAGNAFLUX', 19, 22.22),
(45, 'AEROSOL PENENTRANTE SKL-SP2 x 300gr - MAGNAFLUX', 19, 22.22),
(46, 'AEROSOL REVELADOR SKD-S2 x 300gr - MAGNAFLUX', 19, 22.22),
(47, 'AFLOJATODO WD - 40 x 311 gr.', 15, 19.63),
(48, 'ALAMBRE 4"x 2"', 15, 2.97),
(49, 'ALAMBRE GALVANIZADO N° 8', 13, 3.33),
(50, 'ALAMBRE MIG 70 S6 Ø 0.8mm CARBOFIL - INDURA', 20, 87.64),
(51, 'ALAMBRE MIG 70 S6 Ø 1.2 mm CARBOFIL - INDURA', 20, 88.54),
(52, 'ALAMBRE MIG 70 S6 Ø 1.2 mm x 15kg.', 20, 77.43),
(53, 'ALAMBRE MIG 70 S6 Ø 1.6 mm', 20, 79.89),
(54, 'ALAMBRE MIG 70S Ø 0.8 mm - INDURA', 13, 5.69),
(55, 'ALAMBRE N° 8', 13, 4.24),
(56, 'ALAMBRE NEGRO N°14', 13, 0.85),
(57, 'ALAMBRE NEGRO Nº 16', 13, 3.82),
(58, 'ALAMBRE Nº 08 - COMFER S.A.', 13, 2.58),
(59, 'ALAMBRE Nº 16 - COMFER S.A.', 13, 2.54),
(60, 'ALAMBRE TUBULAR 71T-1C/1M Ø 1.6MM SP 15KG.', 21, 151.70),
(61, 'ALAMBRE TUBULAR 71V x Ø 1.2 mm x 15kg - INDURA', 20, 207.42),
(62, 'ALAMBRE TUBULAR TM-811N1 Ø 1.2mm TRI-MARK x 15kg - INDURA', 20, 452.82),
(63, 'ANGULO  2.2mm x 20mm x 6mtrs', 15, 7.63),
(64, 'ANGULO  DE FIERRO 2.5" x 20mm x 6m', 15, 10.85),
(65, 'ANGULO  DE FIERRO 2.5" x 25mm x 6m', 15, 9.64),
(66, 'ANGULO  DE FIERRO 25mm x 3.0mm x 6m', 15, 14.92),
(67, 'ANGULO 1 1/2 x 2.5 x 6mt.', 16, 19.49),
(68, 'ANGULO 3/16" x 2" x 6mt', 16, 54.83),
(69, 'ANGULO 30 x 2m', 15, 16.10),
(70, 'ANGULO 45° PARA MARCO DE PLACA COLABORANTE', 15, 15.38),
(71, 'ANGULO DE1/4" x 2" x 6m', 16, 57.46),
(72, 'ANGULO ESTRUCTURAL ASTM A-36 1 1/2" x 1 1/2" x 3/16" x 6m', 15, 33.14),
(73, 'ANGULO ESTRUCTURAL ASTM A-36 1 1/4" x 1 1/4" x 3/16" x 6m', 16, 39.83),
(74, 'ANGULO ESTRUCTURAL ASTM A-36 1" X 1" X 3/16" X 6m', 16, 12.71),
(75, 'ANGULO ESTRUCTURAL ASTM A-36 1/4" x 2" x 6m', 16, 54.17),
(76, 'ANGULO ESTRUCTURAL ASTM A-36 1/8 x 1 1/2 x 6mt.', 16, 20.62),
(77, 'ANGULO ESTRUCTURAL ASTM A-36 2" x 2" x 1/4" x 6m', 15, 76.27),
(78, 'ANGULO ESTRUCTURAL ASTM A-36 2" x 2" x 3/16" x 6m', 15, 46.95),
(79, 'ANGULO ESTRUCTURAL ASTM A-36 20mm X 20mm X 2.0mm X 6m', 16, 6.61),
(80, 'ANGULO ESTRUCTURAL ASTM A-36 20mm X 20mm X 3.0mm X 6m', 16, 8.95),
(81, 'ANGULO ESTRUCTURAL ASTM A-36 25mm X 25mm X 2.5mm X 6m', 16, 11.02),
(82, 'ANGULO ESTRUCTURAL ASTM A-36 25mm X 25mm X 4.5mm X 6m', 16, 28.16),
(83, 'ANGULO ESTRUCTURAL ASTM A-36 30mm X 30mm X 3.0mm X 6m', 16, 13.22),
(84, 'ANILLO DE CERA CON GUIA PARA INODORO ', 15, 3.81),
(85, 'APLICADOR DE SILICONA - KAMASA', 15, 7.00),
(86, 'APLICADOR DE SILICONA - SIKASIL', 15, 10.98),
(87, 'ARANDELA 22RE', 16, 0.04),
(88, 'ARANDELA BASE BOYA - TAJE ROJO', 15, 2.55),
(89, 'ARANDELA DE EJE EXCENTRICO', 15, 8.48),
(90, 'ARANDELA DE PRESION M 16', 15, 0.16),
(91, 'ARANDELA PLANA  M 16', 16, 0.19),
(92, 'ARANDELA PLANA DE 1" ZINCADO', 15, 0.59),
(93, 'ARANDELA PLANA DE 1/2" ZINCADO', 15, 0.09),
(94, 'ARANDELA PLANA DE 3/4" ZINCADO', 15, 0.25),
(95, 'ARANDELA PLANA ESTRUCTURAL F-436 Ø 5/8"', 15, 0.20),
(96, 'ARANDELA PLANA ESTRUCTURAL F-436 Ø 7/8"', 15, 0.34),
(97, 'ARANDELA PLANA Ø 1"', 15, 0.47),
(98, 'ARANDELA PLANA Ø 1/8"', 15, 0.06),
(99, 'ARANDELA PLANA Ø 2" ZINCADO', 15, 0.30),
(100, 'ARANDELA PLANA Ø 3/16"', 15, 0.08),
(101, 'ARANDELA PLANA Ø 3/8" ZINCADO', 15, 0.07),
(102, 'ARANDELA PLANA Ø 5/32" ZINCADO', 15, 0.02),
(103, 'ARANDELA PLANA Ø 5/8" INOX 304', 15, 0.30),
(104, 'ARANDELA PLANA ZINCADA M10', 15, 0.13),
(105, 'ARANDELA PRESION C-304 Ø 1/2"', 15, 0.13),
(106, 'ARANDELA PRESION Ø 5/8" INOX 304', 15, 0.32),
(107, 'ARANDELA SIMPLE C-304 Ø 1/2"', 15, 0.19),
(108, 'ARGON', 23, 32.20),
(109, 'ARMELLA ABIERTAS DE 1 1/2', 15, 0.35),
(110, 'ARMELLAS PARA CANDADO', 24, 0.34),
(111, 'AUTOPERFORANTE M12 x 1 1/2"', 15, 0.12),
(112, 'AUTOPERFORANTE PARA BROCA 8 x 1', 15, 0.03),
(113, 'AUTORRSOCANTE C/PAN 10 X 2', 15, 0.04),
(114, 'AUTORRSOCANTE C/PAN 10 X 2 1/2', 15, 0.05),
(115, 'BARRA CUADRADA SAE 1045 2" x 2" x 500mm', 15, 44.92),
(116, 'BARRA DE CONSTRUCCION ASTM A-615 1 3/8" X 9m', 16, 11.26),
(117, 'BARRA DE CONSTRUCCION ASTM A-615 Ø 1/2" x 9m', 15, 20.84),
(118, 'BARRA DE CONSTRUCCION ASTM A-615 Ø 1/4" x 9m', 15, 4.74),
(119, 'BARRA DE CONSTRUCCION ASTM A-615 Ø 12mm x 9m', 16, 18.62),
(120, 'BARRA DE CONSTRUCCION ASTM A-615 Ø 3/8" x 9m', 15, 11.25),
(121, 'BARRA DE CONSTRUCCION ASTM A-615 Ø 5/8" x 9m', 15, 28.00),
(122, 'BARRA DE CONSTRUCCION ASTM A-615 Ø 6mm x 9m', 16, 4.27),
(123, 'BARRA DE CONSTRUCCION ASTM A-615 Ø 8mm x 9m', 15, 8.44),
(124, 'BARRA DE CONSTRUCCION ASTM A-706 3/4" X 9m', 16, 47.26),
(125, 'BARRA DE CONSTRUCCION ASTM A-706 5/8" X 9m', 16, 33.00),
(126, 'BARRA INTERIOR DE 20M TRINANGULAR', 16, 152.54),
(127, 'BARRA PERFORADA BP-280 110mm x 85mm  x 1mt', 16, 592.56),
(128, 'BARRA PERFORADA BP-280 61mm x 85mm x 1mt', 16, 229.11),
(129, 'BARRA PERFORADA BP-280 70mm x 45mm  x 1mt', 16, 345.66),
(130, 'BARRA PERFORADA BP-280 90mm x 65mm x 125mm', 13, 14.27),
(131, 'BARRA PERFORADA BP-280 95mm x 70mm  x 1mt', 16, 454.30),
(132, 'BARRA REDONDA LISA ASTM A-36 1 3/4" x 6m', 15, 197.61),
(133, 'BARRA REDONDA LISA ASTM A-36 Ø 1/2" x 6m', 15, 11.74),
(134, 'BARRA REDONDA LISA ASTM A-36 Ø 5/8" x 6m', 16, 26.27),
(135, 'BARRA REDONDA LISA CALIBRADA SAE 1020 Ø 5/8" x 6m', 15, 41.71),
(136, 'BARRA REDONDO LISA SAE 1045 Ø 180mm x 152.4mm', 15, 158.64),
(137, 'BARRA REDONDO LISA SAE 1045 Ø 255mm x 127mm', 15, 262.37),
(138, 'BARRA REDONDO LISO SAE 1045 Ø 1 1/2" x 6m', 15, 145.16),
(139, 'BARRA REDONDO LISO SAE 1045 Ø 2" x 6m', 15, 258.21),
(140, 'BARRA SOLIDA REDONDA VCN Ø 55mm x 1.5mt  ', 16, 435.07),
(141, 'BARRA SOLIDA REDONDA VCN Ø 82.55mm x 1.5mt  ', 16, 664.90),
(142, 'BARRA SOLIDA REDONDA VCN Ø 95.25mm x 1.5mt  ', 16, 884.85),
(143, 'BASE AL ACEITE BLANCO DURON LTR', 18, 37.29),
(144, 'BASE EPOXICA ULTRAPIMER EPOXY 850 FD COLOR GRIS - PARTE A', 18, 78.96),
(145, 'BASE EPOXICO ULTRAPRMIER EPOXY 700 DF RESINA PARTE A GRIS CLARO (RAL 7035) - PER', 18, 72.32),
(146, 'BISAGRA 1/2 X 4" (2 ALAS)', 14, 1.70),
(147, 'BISAGRA 5/8" x 6" x 43mm (3 ALAS)', 16, 3.98),
(148, 'BISAGRA ALUMINIZADA 3" x 1" (ALA) x 5/8" (PIN) ', 15, 2.04),
(149, 'BISAGRA PIN Ø 1/2" x 6" (3 ALAS)', 15, 1.78),
(150, 'BISAGRA PIN Ø 3/8" x 4" (3 ALAS)', 14, 0.93),
(151, 'BLOCK AUXILIAR', 15, 16.95),
(152, 'BOCINA DE SOPORTE EN ANTIBRASIVO 50 x 95.1 x 51 - 80 DUREZA', 16, 63.56),
(153, 'BOMBA ELECTROHIDRAULICA SUMERGIBLE 5.5 HP MOD 45200-14 (60 Hz) - PENTAX', 15, 1141.67),
(154, 'BOQUILLA DE CORTE  ACETILENO N° 2 MOD: VICTOR  ', 15, 33.21),
(155, 'BOTIQUIN PRIMEROS AUXILIOS', 15, 138.90),
(156, 'BRIDA DE ACERO INOX. ', 16, 63.56),
(157, 'BROCA 1/4" ', 15, 31.27),
(158, 'BROCA 3/4" TRUPER ', 15, 3.31),
(159, 'BROCA 3/8" ', 15, 26.19),
(160, 'BROCA CEMENTO 3/8" 10MM', 15, 6.78),
(161, 'BROCA CILINDRICA 1 1/2" - HSS', 16, 14.32),
(162, 'BROCA CILINDRICA HSS Ø 3/16" 5% COBALTO - ALPEN', 15, 10.17),
(163, 'BROCA COBALTO M7', 15, 14.83),
(164, 'BROCA CONCRETO M10 Ø 3/8" x 5" BLACK CROSS - DEWALT', 15, 8.47),
(165, 'BROCA CONCRETO Ø 12mm x 260mm - PLUS HAMMER', 15, 19.77),
(166, 'BROCA CONCRETO Ø 3/16" x 3" - ALPEN', 15, 4.66),
(167, 'BROCA CONCRETO Ø 5/8" x 150mm - ALPEN', 15, 16.10),
(168, 'BROCA CORONA HSS Ø17mm x 50mm - HIN', 15, 179.00),
(169, 'BROCA CORONA HSS Ø18mm x 50mm - HIN', 15, 179.00),
(170, 'BROCA CORONA HSS Ø18mm x 50mm - TIVOLY', 15, 45.48),
(171, 'BROCA HSS COBALTO 1/2', 15, 80.51),
(172, 'BROCA HSS COBALTO 1/4 ', 15, 14.16),
(173, 'BROCA HSS Ø 3/16', 15, 5.68),
(174, 'BROCA HSS Ø 9/64', 15, 4.15),
(175, 'BROCA Ø 1/2" 5% COBALTO HSS - ALEMAN', 15, 13.56),
(176, 'BROCA Ø 1/4" 5% COBALTO HSS - ALEMAN', 15, 3.81),
(177, 'BROCA Ø 1/8" 5% COBALTO HSS - ALPEN', 15, 1.69),
(178, 'BROCA PARA CONCRETO Ø 1/4" x 3"', 15, 6.10),
(179, 'BROCA PARA FIERRO 5/32" HSS', 15, 2.46),
(180, 'BROCHA DE MADERA 4" - TUMI', 15, 20.76),
(181, 'BROCHA DE MADERA DE 3" - TUMI', 15, 14.83),
(182, 'BROCHA DE PLASTICO DE #5', 15, 5.08),
(183, 'BROCHA DE PLASTICO DE 3"', 15, 2.97),
(184, 'BUSHING MACHO BOSS - HEMBRA NPT1 1/4" x 1" STBB', 15, 80.04),
(185, 'BUSHING MACHO BOSS - HEMBRA NPT1 5/8" x 1/2" STBB', 15, 67.58),
(186, 'BUSHING MACHO BOSS - HEMBRA NPT1" x 1/4" STBB', 15, 52.39),
(187, 'BUSHING MACHO NPT - HEMBRA NPT 1/2"x 3/8" STBB', 15, 4.24),
(188, 'BUSHING MACHO NPT - HEMBRA NPT Ø 1"x 3/4" STBB', 15, 6.78),
(189, 'BUSHING MACHO NPT - HEMBRA NPT Ø 3/4"x 1/2" STBB', 15, 5.09),
(190, 'BUSHING MACHO NPT 1 1/4" - HEMBRA NPT 1" INOXIDABLE 316', 16, 255.20),
(191, 'BUSHING REDUCTOR 1/2" NPTM x 1/4" NPTF, SS 316', 15, 44.38),
(192, 'BUSHING REDUCTOR 3/4" NPTM x 1/2" NPTF, SS 316', 15, 62.33),
(193, 'CABLE 14 AWG', 25, 145.08),
(194, 'CABLE AUTOMOTRIZ NRO. 8', 25, 0.85),
(195, 'CABLE COAXIAL ', 25, 0.68),
(196, 'CABLE COMERCIAL ', 25, 0.59),
(197, 'CABLE ELECTRICO #12 AWG (COLOR ROJO, NEGRO) - INDECO', 20, 104.96),
(198, 'CABLE ELECTRICO #14 AWG (COLOR AMARILLO) - INDECO', 20, 69.24),
(199, 'CABLE PARA SOLDAR WS 4 AWG', 25, 9.75),
(200, 'CABLE THW', 20, 115.25),
(201, 'CABLE THW  - 12 INDECO', 20, 104.97),
(202, 'CABLE THW  - 14 INDECO', 20, 69.23),
(203, 'CABLE THW - 10 AWG', 20, 146.08),
(204, 'CABLE THW -02 AWG ', 20, 877.11),
(205, 'CABLE THW -04 AWG', 20, 558.36),
(206, 'CABLE THW -08 AWG', 20, 236.29),
(207, 'CABLE THW 12 AWG COLOR NEGRO x 100m - INDECO', 20, 29.88),
(208, 'CABLE THW 12 AWG x 100m', 20, 96.90),
(209, 'CABLE THW N° 8 AWG NEGRO x 100m - INDECO', 20, 296.53),
(210, 'CABLE TW Nro. 1', 20, 77.88),
(211, 'CABLE TW Nro. 7  10AWG', 20, 161.02),
(212, 'CABLE TW Nro. 7  12AWG', 20, 103.64),
(213, 'CADENA DE ACERO GALVANIZADO DE 5/16" ', 25, 8.05),
(214, 'CADENA VARIADORES DE VELOCIDAD PIV A5-34V 34 PASOS DE CADENA CERRADA - SUGIYAMA', 26, 2300.00),
(215, 'CAJA  (PORTA TERMO SWICH)', 15, 3.39),
(216, 'CAJA CONDU 1', 15, 12.49),
(217, 'CAJA CONDU 2', 15, 20.43),
(218, 'CAJA DE HERRAMIENTAS', 16, 21.10),
(219, 'CAJA DE PASE CIEGO 12" x 12" x 4"', 15, 0.81),
(220, 'CAJA DE PASE CIEGO 4" x 4" x 2"', 15, 0.64),
(221, 'CAJA DE PASE CIEGO 8" x 8" x 4"', 15, 13.42),
(222, 'CAJA DE PASE PVC ADOSABLE 10cm x 10cm x 4cm SIN AGUJEROS', 15, 7.05),
(223, 'CAJA MODULAR 2" x 4"', 15, 2.97),
(224, 'CAJA MODULAR PVC BTICINO', 15, 5.93),
(225, 'CAJA OCTOGONAL PVC - PAVCO', 15, 1.27),
(226, 'CAJA PASE - HAYWARD', 15, 0.64),
(227, 'CAJA PASE GALV. 4X4X2 LIVIANO', 24, 0.93),
(228, 'CAJA RECTANGULAR PVC - PAVCO', 15, 0.76),
(229, 'CAJA RECTANGULARES', 15, 0.85),
(230, 'CAL DE OBRA', 13, 16.95),
(231, 'CAL DE OBRA 17KG', 15, 5.93),
(232, 'CALAMINA 11 CANALES 0.25mm', 16, 11.86),
(233, 'CALAMINA N° 22 x 0.80m x 3.60m', 27, 20.34),
(234, 'CALAMINA N°30  1.80m x 0.80m ', 27, 13.56),
(235, 'CALAMINA N°30  3.60m x 0.80m ', 27, 27.97),
(236, 'CALAMINA N°42  1.80m x 0.80m ', 27, 12.03),
(237, 'CALAMINA TRASLUCIDO FIBRAFORTE N°30  1.80 x 0.80m', 27, 22.03),
(238, 'CAMBIO DE MANGUERA DIFUSORA DE EXTINTOR PQS 9kg', 28, 12.71),
(239, 'CANAL "L" DE 6.00 mm CON AGUJEROS', 15, 47.00),
(240, 'CANAL "U" 2" x 2" x 2.3mm x 6m', 15, 101.60),
(241, 'CANAL "U" TIPO FRONTAL JJ METALES', 16, 20.83),
(242, 'CANALETA  DE 1/2', 16, 6.70),
(243, 'CANALETA 10mm x 20mm x 2m CON ADHESIVO', 15, 2.12),
(244, 'CAÑERIA GALVANIZADA 1/2" x 2.0 x 6.4MTS', 15, 21.40),
(245, 'CAÑERIA GALVANIZADA 3/4 x 2.0 x 6.4MTS', 16, 19.36),
(246, 'CARBON PARA AMOLADORA 7"', 29, 8.47),
(247, 'CARGADOR LAP TOP 19v - TOSHIBA ', 15, 150.00),
(248, 'CATALIZADOR BASE EPOXICO UNICAZULTRAMASTIC EPOXY 700 MP PARTE B - PERU PAINT', 18, 75.13),
(249, 'CATALIZADOR DE BASE EPOXICO UNICAZULTRAPRMIER EPOXY 700 DF PARTE B - PERU PAINT', 18, 72.70),
(250, 'CELLOCORD  1/8"', 13, 12.63),
(251, 'CEMENTO', 30, 19.37),
(252, 'CERRADURA SOBREPESO 3G', 15, 45.68),
(253, 'CERROJO 1/2" x 4"', 15, 2.97),
(254, 'CERROJO POMO STANLEY ', 16, 5.60),
(255, 'CERROJO SANSON 5/16"', 16, 1.27),
(256, 'CHAPA DE UN CONTACTO', 24, 55.08),
(257, 'CILINDRO DE METAL', 16, 36.00),
(258, 'CINTA ', 20, 7.16),
(259, 'CINTA ADHESIVA PARA MOLDURAS 19mm x 10mt. COD. 108949100', 15, 21.30),
(260, 'CINTA AISLANTE 3M', 15, 2.97),
(261, 'CINTA AISLANTE 3M 1000 GRANDE', 16, 5.08),
(262, 'CINTA AISLANTE AZUL', 20, 2.97),
(263, 'CINTA AISLANTE BLANCO', 20, 2.54),
(264, 'CINTA AISLANTE NEGRA 19 mm x 18 m x 0.18mm - 3M', 20, 2.95),
(265, 'CINTA AISLANTE NEGRA 19mm x 18m 1000 - 3M', 20, 3.21),
(266, 'CINTA AISLANTE VERDE - 3M ', 20, 2.97),
(267, 'CINTA BUTIL 95 GRIS 3/32" x 3/4  LONG-15m', 20, 37.63),
(268, 'CINTA DE EMBALAJE 2" x 110 yds (3u)', 31, 5.51),
(269, 'CINTA DOBLE CONTACTO ', 20, 94.83),
(270, 'CINTA DOBLE CONTACTO TRANSPARENTE 19mm x 10mt. COD. 10894909004', 15, 33.00),
(271, 'CINTA EMBALAJE', 15, 4.15),
(272, 'CINTA MALLA POWERTAPE 50mm x 76m', 20, 8.95),
(273, 'CINTA MASKING TAPE 1" x 30 YRD', 20, 3.81),
(274, 'CINTA MASKING TAPE 1" x 30yrd - TOPEX', 20, 4.83),
(275, 'CINTA MASKING TAPE 2" x 30yrd - TOPEX', 20, 9.24),
(276, 'CINTA MASKING TAPE 2" x 40 YRD', 20, 6.36),
(277, 'CINTA REFLECTIVA 3M', 20, 6.78),
(278, 'CINTA REFLECTIVA 4" ROJO Y BLANCO (BANDERITA) - 3M', 25, 16.95),
(279, 'CINTA TEFLON AMARILLO GAS C&A', 20, 3.31),
(280, 'CINTA TEFLON AMARILLO GERMANY', 20, 2.12),
(281, 'CINTA TEFLON DE 1/2" x 12m', 20, 0.85),
(282, 'CINTA TEFLON DE 1/2" x 12m - SCHUBERT', 20, 0.85),
(283, 'CINTILLO', 24, 12.71),
(284, 'CINTILLO PVC 100mm BLANCO', 15, 2.12),
(285, 'CIRCULINA 12V - AMBAR', 24, 233.05),
(286, 'CLAVO N° 2', 13, 2.97),
(287, 'CLAVO N° 3', 15, 3.81),
(288, 'CLAVO N° 4', 15, 3.81),
(289, 'CLAVOS 2"', 13, 4.24),
(290, 'CLAVOS 3"', 13, 2.97),
(291, 'CLAVOS 3" (CAJA DE 30 KG)', 13, 2.55),
(292, 'CLAVOS 4"', 13, 2.97),
(293, 'CLAVOS 4" (CAJA DE 30 KG)', 13, 2.55),
(294, 'CLAVOS ACERO 3"', 15, 0.40),
(295, 'CLAVOS DE 2 1/2" (CAJA DE 30 KG)', 13, 2.63),
(296, 'CLAVOS DE 2 x 12 (CAJA 30KG)', 13, 2.69),
(297, 'CLAVOS PARA MADERA 2"', 13, 4.24),
(298, 'CODO  1/2" X 90º CPVC', 16, 1.69),
(299, 'CODO  1/2" X 90º GALVANIADO', 16, 1.02),
(300, 'CODO  Ø3/4"OD x 3/4"OD', 16, 48.00),
(301, 'CODO Ø 4" x 90° DESAGUE NICOLL', 15, 5.51),
(302, 'CODO 1 1/2 x 90" S/R PVC PAVCO', 16, 2.97),
(303, 'CODO 1/2" x 90 F° G°', 15, 1.70),
(304, 'CODO 1/2" x 90º AGUA CALIENTE', 16, 2.97),
(305, 'CODO 2'' x 90º DESAGUE KOPLAST', 16, 2.54),
(306, 'CODO 2" x  45°', 16, 2.12),
(307, 'CODO 2" x 90º ', 16, 1.53),
(308, 'CODO 3" x 45º ', 16, 3.39),
(309, 'CODO 90° HEMBRA ACERO INOX.3/4" OD x 3/4" MNPT MARCA: PARKER MOD. 12FEL12N-316', 15, 242.85),
(310, 'CODO 90° MACHO M-12 x 1.00 - MACHO ORFS 3/8 INOX.', 15, 137.90),
(311, 'CODO 90° MACHO NPT - MACHO NPT 3/8"x 3/8" LT.', 15, 7.63),
(312, 'CODO 90° MACHO NPT-HEMBRA NPT 1/2"x 1/2" STBB', 15, 13.56),
(313, 'CODO 90° O.D 1/2" x 1/2" NPTM x 5000 PSI - DK - LOK', 15, 132.49),
(314, 'CODO BRONCE C/ NIPLE', 15, 4.24),
(315, 'CODO FIERRO GALVANIZADO DE 1/2"', 16, 2.12),
(316, 'CODO FIERRO GALVANIZADO Ø 1/2" x 90°', 15, 1.89),
(317, 'CODO HEMBRA 1 NTP SS316', 16, 79.37),
(318, 'CODO Ø 2" x 90º DESAGUE', 15, 2.24),
(319, 'CODO Ø1/2" x 90° S/R AGUA - PAVCO', 15, 1.70),
(320, 'CODO PVC 1" X 90º', 16, 1.21),
(321, 'CODO PVC 2" X 45º', 16, 5.09),
(322, 'CODO PVC AGUA ', 16, 7.03),
(323, 'CODO PVC D', 16, 0.97),
(324, 'CODO PVC DII', 16, 4.91),
(325, 'CODO PVCP Ø 2" x 90º', 16, 3.81),
(326, 'CODO UNION Ø 1" OD, SS 316', 15, 404.79),
(327, 'COLA PARA MADERA', 13, 18.56),
(328, 'COLGANTE 1 W2', 15, 2.12),
(329, 'COLLET SETS 1 O.D. SS316, PACK 10 JGOS', 15, 195.12),
(330, 'CONCRETO PREMEZCLADO C/CEMENTO TIPO I  F''C=210kg/cm2 HUSO 67 SLUMP 3"-4"', 23, 210.00),
(331, 'CONCRETO PREMEZCLADO C/CEMENTO TIPO I  F''C=280kg/cm2 HUSO 67 SLUMP 4"-6"', 23, 283.90),
(332, 'CONECTOR 0-1', 16, 84.75),
(333, 'CONECTOR CODO 1/4 NPT x 3/8', 15, 1.10),
(334, 'CONECTOR CODO 3/8 NPT x 3/8', 15, 9.04),
(335, 'CONECTOR CODO 90° MACHO 1" O.D. x  3/4" NPT-M SS316 COD. DLM-16-12N-S', 15, 130.94),
(336, 'CONECTOR CODO 90° MACHO 1" O.D. x 1" NPT-M. SS316 COD. DLM-16-16N-S - DK LOK', 15, 185.45),
(337, 'CONECTOR CODO 90° MACHO 1/2" O.D. x  1/2" NPT-M SS316 COD. DLM-8-8N-S', 15, 78.07),
(338, 'CONECTOR CODO 90° MACHO Ø 1" O.D. x  Ø 3/4" NPT-M INOX MOD 16MSEL12N-316 - PARKE', 15, 223.84),
(339, 'CONECTOR CODO 90° MACHO Ø 3/8" O.D. x  1/4" NPT-M SS316 COD. DLM-6-4N-S - DK LOK', 15, 43.47),
(340, 'CONECTOR CODO 90º  ACERO INOX. Ø 1"OD x Ø 3/4" NPTM, 16UME-12N-SS - UNILOK', 15, 195.78),
(341, 'CONECTOR CODO 90º  ACERO INOX. Ø 1/4"MNPT x Ø1/4"FNPT MARCA: PARKER MOD. 4-4 SE-', 15, 53.16),
(342, 'CONECTOR CODO MACHO Ø 1" OD x 1" NPTM, SS 316', 15, 261.66),
(343, 'CONECTOR HERMETICO RECTO 1', 16, 3.81),
(344, 'CONECTOR HERMETICO RECTO 1/2', 16, 1.70),
(345, 'CONECTOR HERMETICO RECTO 3/4', 16, 2.54),
(346, 'CONECTOR MACHO Ø 1" OD x 1" NPTM, SS 316', 15, 162.46),
(347, 'CONECTOR MACHO Ø 1/2" OD x 3/4" NPTM, SS 316', 15, 78.39),
(348, 'CONECTOR MACHO Ø 3/4" OD x 1" NPTM, SS 316', 15, 143.10),
(349, 'CONECTOR MACHO Ø 3/4" OD x 3/4" NPTM, SS 316', 15, 93.05),
(350, 'CONECTOR PASAMURO X HEMBRA 1/4 TUBE O.D. x 1/4 PIPE END NTP SS', 16, 16.68),
(351, 'CONECTOR PVC 2"', 15, 1.19),
(352, 'CONECTOR PVC PRENSA ESTOPA Ø 1/2"', 15, 4.20),
(353, 'CONECTOR RAPIDO PARA TUBERIA DE GAS NATURAL DE 1" NTP- MACHO, 5 ', 16, 120.00),
(354, 'CONECTOR RECTO 20mm O.D. x 1" NTP-M. SS316', 15, 52.06),
(355, 'CONECTOR RECTO HEMBRA 1/2" O.D. x  1/4" NPT-M SS316 COD. DCF-8-4N-S', 15, 44.53),
(356, 'CONECTOR RECTO HEMBRA 3/4" O.D x 3/4" NPT-F SS316 COD. DCF-12-12N-S', 15, 81.99),
(357, 'CONECTOR RECTO MACHO 1" O.D x 1" NPT- M. SS316 COD.DMC-16-16N-S - DK LOK', 15, 114.20),
(358, 'CONECTOR RECTO MACHO 1/2" O.D. x  1/2" NPT-M SS316 COD. DMC-8-8N-S', 15, 43.03),
(359, 'CONECTOR RECTO MACHO 1/2" O.D. x  3/4" NPT-M SS316 ', 15, 54.86),
(360, 'CONECTOR RECTO MACHO 1/2" O.D. x 1/4" NPT-M SS316 COD. DMC-8-4N-S - DK LOK', 15, 36.23),
(361, 'CONECTOR RECTO MACHO 1/4" O.D. x  1/2" NPT-M SS316 COD. DMC-8-8N-S', 15, 9.75),
(362, 'CONECTOR RECTO MACHO 3/4" O.D. x  1" NPT-M SS316 ', 15, 117.80),
(363, 'CONECTOR RECTO MACHO 3/4" O.D. x  3/4" NPT-M SS316 ', 15, 65.27),
(364, 'CONECTOR RECTO MACHO Ø1" 0.0 x 1" NPT-M-SS316 DMC-16 16N-S', 15, 162.80),
(365, 'CONECTOR RECTO MACHO Ø1/2" OD x Ø3/8" NPTM, SS316 COD. 768L-SS-1/2" x 3/4" - HAM', 15, 44.70),
(366, 'CONECTOR RECTO MACHO Ø3/8" O.D x Ø1/4" NPTM SS316 DMC-6 -4N-S - DK LOK', 15, 24.65),
(367, 'CONECTOR RECTO Ø1"OD x 1"NPTM 768L-SS', 15, 48.00),
(368, 'CONECTOR RECTO Ø1/2"OD x 1/2"NPTM x 5000 PSI SS316', 15, 48.77),
(369, 'CONECTOR RECTO Ø1/4"OD x 1/4"NPTM 768L-SS', 15, 27.70),
(370, 'CONECTOR RECTO Ø1/4"OD x 1/4"NPTM 769L-SS', 15, 52.74),
(371, 'CONECTOR RECTO Ø3/4"OD x 3/4"NPTM 768L-SS', 15, 62.43),
(372, 'CONECTOR RECTO Ø3/8"OD x 3/8"NPTM 768L-SS', 15, 42.60),
(373, 'CONECTOR RECTO Ø3/8"OD x 3/8"NPTM 769L-ACMC6-6M', 15, 42.59),
(374, 'CONECTOR UNION 1" TOBE 0.0 SS316 DV-16-5', 15, 200.20),
(375, 'CONECTOR UNION CODO 90° 1 TUBE O.D SS316 COD. DL-16-S - DK LOK', 15, 289.59),
(376, 'CONECTOR UNION TEE 1 TUBE O.D. SS316 COD. DT-16-S - DK LOK', 15, 382.81),
(377, 'CONECTOR UNION TEE Ø1" TUBE O.D. SS316 COD. DT-16-S', 15, 379.24),
(378, 'CONECTOR UNION TEE Ø1/2" OD, SS316 COD. 764L-SS-1/2" - HAMLET', 15, 138.07),
(379, 'CONECTOR UNION TEE Ø3/4" TUBE O.D. SS316 COD. DT-12-S', 15, 177.46),
(380, 'CONO 3/8"', 15, 0.85),
(381, 'CONTACT TIP Ø 0.8 mm THOUG GUN - TREGASKISS', 15, 5.53),
(382, 'CONTACT TIP Ø 1.6mm - TREGASKISS', 15, 6.90),
(383, 'CONTACTO 3 x 40 ', 16, 152.54),
(384, 'CONTACTOR DE 25 AMP', 15, 49.15),
(385, 'CORDEL 2 X 16  ', 20, 2.46),
(386, 'CORDON VULCANIZANTE 2 x 14 AWG x 100M.', 15, 207.63),
(387, 'CORDON VULCANIZANTE NMT 2 x 12 AWG ', 20, 302.54),
(388, 'CORDON VULCANIZANTE NMT 3 x 10 AWG ', 20, 559.32),
(389, 'CORDON VULCANIZANTE NMT 3 x 14 AWG ', 20, 283.05),
(390, 'CORDON VULCANIZANTE NMT 3 x 16 AWG ', 20, 192.37),
(391, 'COSTAL GRANDE', 15, 1.02),
(392, 'COSTAL MEDIANO ', 15, 4.03),
(393, 'CRUCETA 1 mm', 15, 0.02),
(394, 'CRUZ COAXIAL', 15, 1.27),
(395, 'CRUZ H - NTP - H - NPT - HN TP - H. NPT 3/4 x 3/4 x 3/4 x 3/4 GR.', 15, 119.91),
(396, 'CUADRADO 12mm x 6 mts. (1/2")', 15, 13.94),
(397, 'CUCHILLA CUTER - TRUPPER', 15, 6.22),
(398, 'CUCHILLA PLASTICA CUTTER', 15, 5.51),
(399, 'CURVA 3/4" SEL LUZ NICOLL', 16, 0.47),
(400, 'CURVA Ø 1 1/2" SAP LUZ NICOLL', 15, 2.03),
(401, 'CURVA Ø 1" x 3m LUZ - SAP', 15, 0.85),
(402, 'CURVA Ø 1"SAP LUZ ', 15, 1.70),
(403, 'CURVA Ø 3/4" SAP LUZ', 15, 0.42),
(404, 'DADO HEX ENC 3/4" x 41mm - GENIUS', 15, 76.19),
(405, 'DADO MAGNETICO 3/8 TRUPER', 15, 8.47),
(406, 'DADO MILIMETRICOS 8mm A 22mm - STANLEY 86-501', 14, 144.07),
(407, 'DADO STANLEY 1"', 15, 6.19),
(408, 'DECAPADO DE OMEGAS AGUJEREADAS Y SOPORTES RECTANGULARES DEL MODULO WCG-48-S0001', 13, 0.30),
(409, 'DEGREASER NG 22 (DESENGRASANTE HIDROSOLUBLE)', 18, 25.00),
(410, 'DESATORADOR SAPOLIO x 1960 ml', 32, 7.21),
(411, 'DESENGRASANTE LIMPIOL', 18, 12.20),
(412, 'DETECTOR DE HUMO DSWA 28N', 16, 32.20),
(413, 'DIFUSOR RETAINING HEAD 404-2 THOUG GUN - TRAGASKISS', 15, 65.11),
(414, 'DILUYENTE INDUSTRIAL EPOXICO UNIDIL 1500', 18, 37.22),
(415, 'DILUYENTE INDUSTRIAL UNIDIL 300', 18, 37.81),
(416, 'DILUYENTE INDUSTRIAL UNIDIL 500 ', 18, 36.64),
(417, 'DILUYENTE PARA POLIURETANO UNIDIL 500', 18, 36.19),
(418, 'DILUYENTE POLIURETANO', 18, 45.68),
(419, 'DISCO CORTE 4 1/2" - NORTON', 15, 3.53),
(420, 'DISCO CORTE 7"  - NORTON', 15, 5.76),
(421, 'DISCO CORTE 7" x 1/16"', 15, 4.66),
(422, 'DISCO CORTE 7" x 1/4', 15, 7.20),
(423, 'DISCO CORTE 7" x 1/8', 15, 6.36),
(424, 'DISCO CORTE CONCRETO Ø 4"', 15, 12.71),
(425, 'DISCO CORTE MADERA Ø 4" - BULLTOOLS', 15, 8.47),
(426, 'DISCO CORTE MADERA Ø 7" - BULLTOOLS', 15, 25.42),
(427, 'DISCO CORTE Ø 4 1/2" x 3/64" x 7/8" - KLINGSPOR', 15, 3.41),
(428, 'DISCO CORTE Ø 7"', 15, 6.36),
(429, 'DISCO DE CORTE 4 1/2 INOX DEWALT', 15, 3.98),
(430, 'DISCO DE CORTE 4-1/2" x 1/4', 15, 3.39),
(431, 'DISCO DE CORTE 7"', 15, 7.09),
(432, 'DISCO DE CORTE 7" x 1/8"', 15, 6.36),
(433, 'DISCO DE CORTE A INOX. 4.5" x 3/64 NORTON', 15, 2.97),
(434, 'DISCO DE CORTE AZUL Ø 14" x 7/64" x 1', 15, 15.66),
(435, 'DISCO DE CORTE AZUL Ø 4 1/2" x 1/16" x 7/8 ', 15, 3.66),
(436, 'DISCO DE CORTE AZUL Ø 4 1/2" x 3/64" x 7/8 ', 15, 3.27),
(437, 'DISCO DE CORTE AZUL Ø 7" x 1/16" x 7/8 ', 15, 5.87),
(438, 'DISCO DE CORTE INOX Ø 4 1/2" x 1/16" - NORTON', 15, 3.29),
(439, 'DISCO DE CORTE INOX Ø 7" x 1/16" - NORTON', 15, 5.91),
(440, 'DISCO DE CORTE Ø 14" x 3/32" x 1" - DEWALT', 15, 12.21),
(441, 'DISCO DE CORTE Ø 4"', 15, 3.86),
(442, 'DISCO DE CORTE Ø 7" x 1/16" x 7/8" - NORTON', 15, 5.81),
(443, 'DISCO DE CORTE Ø 7" x 1/8" - DEWALT', 15, 6.36),
(444, 'DISCO DE CORTE PARA CONCRETO Ø 7" ', 15, 16.95),
(445, 'DISCO DE DESBASTE 4 1/2"  x 25u - DEWALT', 15, 5.09),
(446, 'DISCO DE DESBASTE 4 1/2" x 1/4 - NORTON', 15, 4.92),
(447, 'DISCO DE DESBASTE 7" NORTON', 15, 9.32),
(448, 'DISCO DE DESBASTE 7" x 1/4" - DEWALT', 15, 7.22),
(449, 'DISCO DE DESBASTE Ø 4 1/2"  - DEWALT', 15, 4.81),
(450, 'DISCO DE DESBASTE Ø 7" ', 15, 7.30),
(451, 'DISCO DIAMANTADO 7 1/4" SEGMENTADO - IRWIN', 15, 38.14),
(452, 'DISCO FLAP 40', 15, 10.59),
(453, 'DISCO FLAP 60', 15, 9.75),
(454, 'DISCO FLAP 7', 15, 13.56),
(455, 'DISOLVENTE EPOXICO UNIVERSAL (UNISOL)', 18, 35.40),
(456, 'DISOLVENTE T-10 (ALQUIDICO) ', 18, 20.77),
(457, 'DISPENSADOR  PARA PAPEL TIPO TOALLA', 15, 101.61),
(458, 'DISPENSADOR DE JABON LIQUIDO', 15, 35.51),
(459, 'DISPENSADOR DE PAPEL HIGIENICO', 16, 41.95),
(460, 'DRYWALL RH 1.22m x 2.44m x 12.7mm - GYPLAC', 15, 24.58),
(461, 'DRYWALL STANDARD 1.22m x 2.44m x 9.5mm - GYPLAC', 15, 17.37),
(462, 'E. TELESCOPICA F.V. 16 PASOS', 16, 510.00),
(463, 'ECOTECHO BLANCO 1.10 x 3mt', 15, 22.03),
(464, 'EMPAQUE', 16, 72.03),
(465, 'ENCHUFE DE CARRETA SAP. MACHO - HEMBRA', 16, 67.80),
(466, 'ENCHUFE INDUST. 2P+T 16 AMP 250V COLOR AZUL 6H IP44 - MENNEKES', 15, 22.68),
(467, 'ENCHUFE INDUSTRIAL DE 2 x 16AMP x 220v', 16, 10.17),
(468, 'ENCHUFE MONOFACICO DE 16A. MENEKES', 16, 13.48),
(469, 'EQUIPO HERMETICO 2 x 36', 15, 59.24),
(470, 'EQUIPO HERMETICO 2 x 36 FLORESCENTE', 15, 114.95),
(471, 'ESCOBA DE NYLON', 15, 4.76),
(472, 'ESCUADRA DE PLANCHA 24" - STANLEY ', 15, 22.80),
(473, 'ESCUADRA METALICA 12" - STANLEY 46-536', 16, 44.07),
(474, 'ESLINGA DE POLYESTER TIPO OJO 2 TON x 2MT.', 16, 21.45),
(475, 'ESLINGA DE POLYESTER TIPO OJO 2 TON x 3MT.', 16, 26.90),
(476, 'ESLINGA PLANA DE POLIESTER 5 TON x 6m COLOR ROJO, FS 6:1 - JULI SLING', 15, 131.56),
(477, 'ESLINGA PLANA DE POLIESTER 6 TON x 6m COLOR MARRON, FS 6:1 - JULI SLING', 15, 165.73),
(478, 'ESMALTE AMARILLO MD - MAESTRO', 18, 28.39),
(479, 'ESMALTE AZUL ELECTRICO - ANYPSA', 18, 31.36),
(480, 'ESMALTE GLOSS BRILLANTE Z-GLOSS COLOR BLANCO RAL 9010', 18, 42.34),
(481, 'ESMALTE GLOSS BRILLANTE Z-GLOSS COLOR GRIS RAL 7040', 18, 57.24),
(482, 'ESMALTE GLOSS GRIS RAL 7031', 18, 64.14),
(483, 'ESMALTE GRIS CLARO - ANYPSA', 18, 21.61),
(484, 'ESMALTE PATO ALUMINIO 1750 - CPPQ', 18, 38.14),
(485, 'ESMALTE PATO CPP ALUMINIO', 18, 33.90),
(486, 'ESMALTE PATO CPP BLANCO HUMO 5 GL', 33, 43.22),
(487, 'ESMALTE PATO CPP GRIS CLARO', 18, 30.43),
(488, 'ESMALTE PINTOR  CPP ALUMINIO', 18, 39.83),
(489, 'ESMALTE POLIURETANO ROSADO RAL 3015 + CATALIZADOR', 18, 185.49),
(490, 'ESMALTE POLIURETANO UNIPOL 700 RAL 9003 - RESINA PARTE A + CATALIZADOR PARTE B ', 18, 186.54),
(491, 'ESPARRAGO  1" x 12"', 15, 11.19),
(492, 'ESPARRAGO  5/8 X 1.80 MTS', 16, 12.63),
(493, 'ESPARRAGO 3/4" x 20" ', 16, 19.41),
(494, 'ESQUINERO MET. 30 x 30x 0.40 mm x 3.00m', 15, 4.66),
(495, 'ESTACION MANUAL PALANCA OPALUX', 15, 33.90),
(496, 'ESTROBO PICA OPALUX', 16, 33.90),
(497, 'ESTUFA DE SOLDAR ', 16, 224.58),
(498, 'EXTENCION 3/4" x 8 ', 15, 6.78),
(499, 'EXTENCION DE 5 SALIDAS', 15, 8.47),
(500, 'EXTENSION DE 8m - KAMASA', 15, 20.76),
(501, 'EXTINTOR DE POLVO QUIMICO 4 KGS', 16, 50.76),
(502, 'FABRICACION DE EJE DE BOMBA DE ACEITE VCL', 28, 95.05),
(503, 'FAJA', 24, 23.31),
(504, 'FARO CARRETERO REDONDO', 15, 5.93),
(505, 'FEMALE ELBOW 90 GRADO, SIZE:3/400 x 3/4 NPT - PARKER 12 FELI 2 N - 31C', 16, 334.04),
(506, 'FERULA DELANTERA Ø 1" OD, SS 316', 15, 19.75),
(507, 'FERULA DELANTERA Ø 3/4" OD, SS 316', 15, 11.13),
(508, 'FERULA DELANTERA Y POSTERIOR Ø 3/8" O.D. x 10 pares COD DFS-6-10-S - DK LOK', 34, 78.60),
(509, 'FERULA TRASERA Ø 1" OD, SS 316', 15, 15.14),
(510, 'FERULA TRASERA Ø 3/4" OD, SS 316', 15, 9.81),
(511, 'FIBRA FORTE GRIS 1.10 x 3M', 15, 24.29),
(512, 'FIBRA FORTE ROJO 1.10 x 3M', 15, 24.37),
(513, 'FIERRO 12m', 15, 20.75),
(514, 'FIERRO 6m', 15, 4.66),
(515, 'FIERRO 8m', 15, 9.32),
(516, 'FIERRO CORRUGADO 1/2"', 16, 20.17),
(517, 'FIERRO CORRUGADO 12mm x 9m', 16, 19.19),
(518, 'FIERRO CORRUGADO 3/8"', 16, 10.93),
(519, 'FIERRO CORRUGADO Ø 1/2" x 9m', 15, 20.76),
(520, 'FIERRO CORRUGADO Ø 1/4" x 9m', 15, 4.73),
(521, 'FIERRO CORRUGADO Ø 5/8" x 9m', 15, 33.05),
(522, 'FIERRO CORRUGADO Ø 8mm x 9m', 15, 7.85),
(523, 'FIERRO CUADRADO 1" x 6m', 15, 81.36),
(524, 'FIERRO CUADRADO 15mm x 6m', 15, 17.35),
(525, 'FIERRO CUADRADO 3/4" x 6m', 15, 47.25),
(526, 'FIERRO DE 1/2"', 16, 18.41),
(527, 'FIERRO DE 3/8" x 6 mts', 15, 10.34),
(528, 'FIERRO DE 5/8"', 16, 33.05),
(529, 'FIERRO REDONDO CALIB. DIN 5/8" x 6.3mts.', 16, 41.72),
(530, 'FLEET COLOR', 15, 50.85),
(531, 'FLEXOMETRO 5m - STANLEY 30-615', 15, 16.30),
(532, 'FLEXOMETRO 8m - STANLEY', 15, 26.70),
(533, 'FLEXOMETRO METALICO 30m - STANLEY 34-107  ', 15, 47.37),
(534, 'FLUORESCENTE 36 WATTS - PHILIPS', 15, 14.74),
(535, 'FOCO AHORRADOR 15W. ', 16, 10.93),
(536, 'FOCO AHORRADOR 24W. ', 16, 15.17),
(537, 'FOCO AHORRADOR 42W. ESPIRAL LUZ CLARA - PHILIPS', 16, 19.41),
(538, 'FOCO AHORRADOR x 4u', 31, 6.36),
(539, 'GALVANIZADO BARRA REDONDA LISA Ø 5/8" x 1880mm', 15, 3.88),
(540, 'GALVANIZADO BARRA REDONDA LISA Ø 5/8" x 1920mm', 15, 3.88),
(541, 'GALVANIZADO DE OMEGAS AGUJEREADAS DE MODULO WGC-48', 13, 0.80),
(542, 'GALVANIZADO DE SOPORTES RECTANGULARES DE MODULO WGC-48', 13, 0.80),
(543, 'GALVANIZADO DE TUERCAS M-16', 15, 3.88),
(544, 'GALVANIZADO EN FRIO SPRAY BRILLANTE CRC 18414', 15, 46.61),
(545, 'GARRUCHA DOBLE 2" x 2" PARA PUERTA CORREDIZA', 15, 16.95),
(546, 'GARRUCHA FIJA Ø 4"', 15, 33.05),
(547, 'GARRUCHA GIRATORIA 4"', 16, 12.08),
(548, 'GARRUCHA Ø 4" RUEDA COMPUESTA', 15, 33.90),
(549, 'GARRUCHA STANLEY 4 RUEDAS  (C/RODAJE)', 16, 44.92),
(550, 'GLICERINA PARA MANOMETRO DE 4" (NUOVAFINA)', 15, 9.98),
(551, 'GRABADORA VOZ DIGITAL - OLYMPUS', 16, 76.19),
(552, 'GRACERAS', 15, 2.12),
(553, 'GRAPAS MALLA "U" 1/2"', 13, 9.33),
(554, 'GRASA PARA RODAJES', 13, 25.42),
(555, 'GRILLETE TIPO LIRA CON PERNO ROSCADO Ø 1 1/2"  COD. G-209', 15, 82.01),
(556, 'GRILLETE TIPO LIRA G2130 C/TUERCA Y PASAD.1"', 15, 62.00),
(557, 'GUANTE CONUNIEN', 29, 4.66),
(558, 'GUANTE CORTO DE CUERO CROMO', 29, 7.63),
(559, 'GUANTES DE BADANA', 29, 9.36),
(560, 'GUANTES QUIRURJICOS DESCARTABLES T-L ', 29, 0.27),
(561, 'GUARDAFANGO DE PLASTICO PARA LLANTA SUPER SINGLE', 15, 183.65),
(562, 'GUIA 3/8"', 15, 0.85),
(563, 'HEX. NIPPLE 1 NPT SS316', 16, 23.90),
(564, 'HEX. NIPPLE 3/4" NPT SS316', 16, 43.26),
(565, 'HILO DE PESCAR x 20m', 20, 3.31),
(566, 'HISOPO PARA WATER', 15, 1.09),
(567, 'HOJA DE SIERRA 12"', 15, 4.24),
(568, 'HOJA DE SIERRA 12" x 18mm - SANDFLEX', 15, 4.66),
(569, 'HOJA DE SIERRA 18" - SANDFLEX', 15, 4.24),
(570, 'HUACHA 1/4 PLANA', 15, 1.19),
(571, 'IMPRIMANTE MAJESTAD BLANCO 25 KG.', 30, 16.10),
(572, 'INDURA 1/8 (E-6011) (PTO VERDE)', 13, 9.22),
(573, 'INDURMIG (ARGON + CO2) - INDURA', 23, 18.00),
(574, 'INTERRUPTOR CONMUTADOR DOBLE - TICINO', 16, 6.36),
(575, 'INTERRUPTOR DOBLE', 15, 3.82),
(576, 'INTERRUPTOR SIMPLE - KLIM ', 15, 2.97),
(577, 'INTERRUPTOR SIMPLE DOMINO AVANT - TICINO', 15, 6.36),
(578, 'INTERRUPTOR TRIPLE PARA EMPOTRAR', 15, 1.70),
(579, 'JABON LIQUIDO x 400ml', 19, 10.59),
(580, 'JEBE DE PUERTA', 16, 5.93),
(581, 'KINKONES 15 x 20 x 40', 15, 1.20),
(582, 'KIT DE FERULA + TUERCA Ø1/2"OD SS316 (JGO 10u) COD. 760LNS-SS-1/2" - HAMLET', 34, 31.11),
(583, 'KIT DE STICKERS', 14, 151.00),
(584, 'LADRILLO DE 18 HUECOS', 24, 0.76),
(585, 'LAMPARA', 15, 4.07),
(586, 'LAMPARA DE EMERGENCIA 7 + 32 ', 15, 67.71),
(587, 'LANA POLIE', 16, 84.66),
(588, 'LENTES SOBRE MONTURA  CLAROS - 3M', 15, 6.36),
(589, 'LIJA ', 15, 1.70),
(590, 'LIJA AL AGUA NRO. 80', 15, 1.95),
(591, 'LIJA DE ESMERIL N° 40', 15, 2.03),
(592, 'LIJA DE ESMERIL N° 80', 15, 2.12),
(593, 'LIJA DE FIERRO N° 40', 15, 0.64),
(594, 'LIJA FIERRO N° 100', 15, 1.95),
(595, 'LIJA FIERRO N° 40', 15, 2.02),
(596, 'LIJA FIERRO N° 60', 15, 2.30),
(597, 'LIJA FIERRO N° 80', 15, 1.90),
(598, 'LIMPIA BOQUILLA', 15, 5.09),
(599, 'LISTON DE MADERA 2M', 16, 2.12),
(600, 'LISTON DE MADERA 4M', 16, 18.64),
(601, 'LLANTA P/ CARRETILLA NEUMATICA BUGUI DIAMANTE', 16, 18.65),
(602, 'LLAVE ESFERICA 1/2"', 24, 19.07),
(603, 'LLAVE HEXAGONAL ALLEN 1/16" A 3/8" - STANLEY 69-254', 14, 20.85),
(604, 'LLAVE ITALGRIF VALLARTA DE DUCHA CROMO C/ SALIDA TECNO ECONICA', 16, 59.24),
(605, 'LLAVE LAVADERO', 15, 25.42),
(606, 'LLAVE MIXTA 1 1/8" - SATA', 15, 25.38),
(607, 'LLAVE MIXTA 10mm - STANLEY 86-855', 15, 5.51),
(608, 'LLAVE MIXTA 11mm - STANLEY', 15, 8.47),
(609, 'LLAVE MIXTA 14mm - STANLEY', 16, 10.17),
(610, 'LLAVE MIXTA 15/16" - SATA', 15, 15.15),
(611, 'LLAVE MIXTA 17mm - STANLEY 91-984', 15, 12.73),
(612, 'LLAVE MIXTA 3/4" - SATA', 15, 8.85),
(613, 'LLAVE MIXTA 4'' - STANLEY', 15, 93.39),
(614, 'LOGOTIPOS EN ESTICKER', 15, 8.48),
(615, 'LONA PARA CERRAMIENTO (2 LATERALES) DE 14.23m x 2.35m, EN LONA P6849 BO CON BAST', 16, 4304.61),
(616, 'LUBRICANTE AFLOJATODO WD 40 x 400ml - TRUPER', 15, 16.31),
(617, 'LUBRICANTE AFLOJATODO WD-40', 19, 22.34),
(618, 'LUBRICANTE AFLOJATODO WD-40 x 311gr ó 11oz.', 19, 23.31),
(619, 'LUBRICANTES WD-40 x 155gr. (5.5 Oz)', 19, 14.96),
(620, 'LUBRICANTES WT-400 x 11 Oz - TRUPER', 19, 8.48),
(621, 'MACHO M 10 x 1.25 HSS', 15, 13.56),
(622, 'MADERA 50cm x 60cm x 10cm', 15, 38.14),
(623, 'MADERA PINO', 15, 8.90),
(624, 'MADERA PINO RADIATA CEPILLADO GRADO MUEBLE 1 1/2"x2"x10.5´', 15, 7.14),
(625, 'MALLA ACERO INOX.', 20, 35.60),
(626, 'MALLA ELEC. ALAMBRE # 12 DE 1" (1 ALTO)', 25, 39.58),
(627, 'MANDRIL PARA HACER AGUJEROS', 16, 71.10),
(628, 'MANGUERA  DE M6', 25, 3.39),
(629, 'MANGUERA  DE M8', 25, 5.08),
(630, 'MANGUERA CORRUGADA Ø 1/2"', 25, 3.32),
(631, 'MANGUERA DE NEOPRENE 3/8', 25, 5.83),
(632, 'MANGUERA HIDRAULICA RLAT 1/2" CON CONECTORES PRENSADOS', 16, 245.76),
(633, 'MANGUERA JEBE 1/4" Ø', 35, 0.01),
(634, 'MANITAS AUTOMATICAS', 15, 16.95),
(635, 'MANOMETRO 4" 0-6000 PSI  0-400 BAR INF AI-BAR 1/2 NPT NUOVAFIMA (ITALIA)', 16, 166.25),
(636, 'MANOMETRO CON GLICERINA RANGO 0 A 150 PSI', 16, 25.42),
(637, 'MANPARA VERDE PVC', 25, 3.81),
(638, 'MANTENIMIENTO DE MOTOR ESTACIONARIO DE 9-HP', 28, 63.56),
(639, 'MASCARA DE SOLDAR FOTOSENCIBLE WELDER', 15, 203.39),
(640, 'MASCARA DE SOLDAR PRESSISO', 15, 10.85),
(641, 'MASILLA GYLAC x 20 KG.', 21, 20.68),
(642, 'MASILLA PLASTICA', 13, 6.78),
(643, 'MASILLA SHEETROCK', 21, 25.00),
(644, 'MAXBRAKE DE FRENO DE 8"', 16, 169.49),
(645, 'MAXBRAKEL 30/30', 16, 169.49),
(646, 'MOTA N°40 (LIJA T/ABANICO 40x20 G-60)', 15, 11.44),
(647, 'MOTOR SUMERGIBLE 5.5 HP MOD 4MPE T55 3x380-60 4" TRIFASICA', 15, 2151.81),
(648, 'NAYLON 0.90 MM ', 20, 9.75),
(649, 'NEUMATICO', 15, 4.07),
(650, 'NIPLE 1/2" x 1 1/2" FºGº', 15, 0.85),
(651, 'NIPLE 1/2" x 1" FºGº', 15, 0.68),
(652, 'NIPLE 1/2" X 3" FºGº ', 24, 1.44),
(653, 'NIPLE HEXAGONAL 3/4 NPT, SS316 GT-12N-S', 15, 72.19),
(654, 'NIPLE MACHO NPT - MACHO NPT 3/4"x 3/4" STBB', 15, 6.78),
(655, 'NIPLE REDUCTOR 3/4" x 1/4" ACERO INOX. PARKER', 16, 62.35),
(656, 'NIPPLE REDUCCION HEX 3/4 NTP x 1/2 NTP SS316', 16, 11.19),
(657, 'NITROGENO GASEOSO - INDURA', 23, 5.00),
(658, 'NITROGENO LIQUIDO', 23, 5.00),
(659, 'ORDENADOR DE CABLES HORIZONTAL DE 2ru', 15, 63.56),
(660, 'ORING BOSS 3/4"', 16, 0.85),
(661, 'OSB 18mm 1', 15, 56.70),
(662, 'OXIGENO', 23, 10.17),
(663, 'OXIGENO - INDURA', 23, 7.00),
(664, 'PACK 10 UN', 15, 3.42),
(665, 'PACK 10 UN (4)', 15, 3.72),
(666, 'PACK 10 UNN', 15, 6.69),
(667, 'PACK 10 UNNN', 15, 3.31),
(668, 'PACK x 3 C', 31, 7.54),
(669, 'PAJA  MUROS M22 x 3/8', 15, 18.65),
(670, 'PANELES MELAMINE DE 18MM DE 1.20 MT. X 1.20 MT. ', 16, 139.83),
(671, 'PARANTE 64MM x 38MM x 0. 45MM x 3M METAL', 16, 7.12),
(672, 'PASADOR Ø 5/16" X 3"', 16, 1.27),
(673, 'PASTILLA CARBURADA TRIANGULAR', 15, 12.71),
(674, 'PASTILLA CELLEN 1/4', 15, 5.93),
(675, 'PASTILLA CELLEN 3/16', 15, 6.78),
(676, 'PASTILLA M13 A ', 14, 23.73),
(677, 'PEGAMENTO AFRICANO ', 18, 10.17),
(678, 'PEGAMENTO AZUL PVC  - OATEY', 18, 8.47),
(679, 'PEGAMENTO AZUL PVC 1/16ml - OATEY', 36, 9.04),
(680, 'PEGAMENTO AZUL PVC 1/32ml - OATEY', 36, 6.78),
(681, 'PEGAMENTO AZUL PVC 1/4ml - OATEY', 36, 20.76),
(682, 'PEGAMENTO BLANCO FLEX PRO PARA PORCELANATO x 25kg', 30, 30.42),
(683, 'PEGAMENTO CPVC ', 16, 10.17),
(684, 'PEGAMENTO DORADO PVC 1/4 ', 36, 35.59),
(685, 'PEGAMENTO MULTIUSO EXTRA TEKNO x 1GL', 18, 28.18),
(686, 'PEGAMENTO NEGRO OATEY 1/32 x 4OZ', 15, 9.15),
(687, 'PEGAMENTO PVC 4 Oz AZUL - OATEY', 19, 7.63),
(688, 'PERFIL ANGULO 1 1/2"x 1 1/2" x 1/4"', 16, 30.85),
(689, 'PERFIL ANGULO 1 1/4"x 1 1/4" x 2MM', 16, 15.25),
(690, 'PERFIL GRIS 1.10  x 3mt.', 16, 31.36),
(691, 'PERFIL PVC BLANCO 9.5 mm x 2.4m - NEFU', 15, 6.02),
(692, 'PERFIL RODOPLAST PLUS BLANCO 9.50 mm.', 16, 6.36),
(693, 'PERFIL TEE 2 x 1/4', 16, 132.20),
(694, 'PERFIL U NATURAL NEGRO 15 x 7MM x 1.5MM INT. 60 SHR. R32', 16, 1.51),
(695, 'PERNO', 24, 0.20),
(696, 'PERNO 1/4" x 1 1/2" C/T Y AL.', 15, 0.42),
(697, 'PERNO 3/8" x 1 1/2" C/TUERCA INOX', 14, 1.36),
(698, 'PERNO 5/16 x 1 1/2 C/A PL. Y APRESION INOX ', 15, 0.91),
(699, 'PERNO 8x80 COMPLETO', 15, 2.12),
(700, 'PERNO AUTOPERFORANTE Ø 10mm x 1"', 15, 0.07),
(701, 'PERNO AUTOPERFORANTE Ø 10mm x 3/4"', 15, 0.06),
(702, 'PERNO AUTOPERFORANTE Ø 12mm x 1"', 15, 0.08),
(703, 'PERNO AUTOPERFORANTE Ø 14mm x 1"', 15, 0.14),
(704, 'PERNO AUTOPERFORANTE Ø 14mm x 2 1/2"', 15, 0.22),
(705, 'PERNO AUTOROSCANTE Ø 8mm x 1" x 10u', 37, 1.10),
(706, 'PERNO AUTORROSCANTE INOX Ø 1/8" x 1"', 15, 0.08),
(707, 'PERNO AUTORROSCANTE INOX Ø 8M x 1 1/2" C/ TARUGO', 14, 0.06),
(708, 'PERNO AUTORRSOCANTE Ø 10mm x 1 1/2"', 15, 0.13),
(709, 'PERNO AUTORRSOCANTE Ø 8mm x 5/8"', 15, 0.17),
(710, 'PERNO COCHE ZINCADO Ø 3/8" x 2"', 15, 0.21),
(711, 'PERNO DE EXPANSION 1/2" x 4"', 15, 1.36),
(712, 'PERNO DE EXPANSION Ø 3/8" x 4 1/2"', 15, 0.85),
(713, 'PERNO ESTRUCTURAL A-325 GALVANIZADO 1 x 2-1/2 ', 15, 4.92),
(714, 'PERNO ESTRUCTURAL A-325 GALVANIZADO 1 x 2-3/4 ', 15, 5.59),
(715, 'PERNO ESTRUCTURAL A-325 GALVANIZADO 3/4 x 2 ', 15, 2.20),
(716, 'PERNO FLANGE CL8.8 M-12 x 30" ZINCADO', 15, 0.95),
(717, 'PERNO FLANGE G-8.8 UNC M10 x 25', 15, 0.99),
(718, 'PERNO FLANGE G-8.8 UNF DE M12 x 25MM  REF-8.8 - NEGRO', 15, 0.83),
(719, 'PERNO FLANGE G-8.8 UNF DE M12 x 35MM - NEGRO', 15, 1.83),
(720, 'PERNO FLANGE ZINCADO Ø 1/2" x 1" G° 8.8 M-12', 15, 0.98),
(721, 'PERNO HEX  7/20 x 2 G18° COMPLETO', 15, 1.19),
(722, 'PERNO HEX  A-325 7/8" x 2 1/4" ', 15, 2.80),
(723, 'PERNO HEX 1/2" X 2" - ZINCADO', 15, 0.76),
(724, 'PERNO HEX 1/2" X 5" - ZINCADO', 15, 1.78),
(725, 'PERNO HEX 1/4 x 2 C/ TUERCA Y ARANDELA PLANA', 15, 0.18),
(726, 'PERNO HEX 1/4 x 3 C/T Y ARANDELA PLANA', 15, 0.42),
(727, 'PERNO HEX 1/4 x 4 C/ TUERCA Y ARANDELA PLANA', 15, 0.42),
(728, 'PERNO HEX 12 x 30 COMPLETO', 16, 1.63),
(729, 'PERNO HEX 3/4" X 4" ZIN 9 NAYLON A-PLANA Y A- PRESION', 15, 3.73),
(730, 'PERNO HEX ESTRUCTURAL A-325 Ø 5/8" x 2 1/4" ', 15, 1.07),
(731, 'PERNO HEX INOX. 12 x 130 C/TUERCA NAYLON', 15, 7.08),
(732, 'PERNO HEX INOX. 12 x 30 C/TUERCA NAYLON', 15, 2.37),
(733, 'PERNO HEX M 20 x 90 10.9 C/T NYLON', 16, 5.93),
(734, 'PERNO HEX M10 x 60 C/ARANDELA PLANA INOX.', 16, 1.95),
(735, 'PERNO HEX. 16 x 60 COMPLETA', 15, 3.81),
(736, 'PERNO HEX. 3/8 x 1 COMPLETO', 14, 0.85),
(737, 'PERNO HEX. 6 x 60 ', 15, 0.59),
(738, 'PERNO HEX. A-325 1" x 2 3/4" ', 15, 3.75),
(739, 'PERNO HEX. G5 1/2" x 2 1/2" ZINCADO', 15, 0.64),
(740, 'PERNO HEX. G5 1/2" x 4" ZINCADO', 15, 0.88),
(741, 'PERNO HEXAGONAL C-304 UNC Ø 1/2" x 1"', 15, 0.82),
(742, 'PERNO HEXAGONAL INOXIDABLE 12 x 30 - COMPLETO', 15, 1.63),
(743, 'PERNO HILTI Ø 1/2" x 4 1/4"', 15, 1.19),
(744, 'PERNO NEGRO LAC. 4.4MM x 1.20 x 2.40 ', 15, 186.87),
(745, 'PERNO SOCKET 1/2 X 2" C/A. PLANA Y A. PRESION', 16, 1.61),
(746, 'PERNO SPIT FIX 12mm X 120mm', 16, 2.97),
(747, 'PERNO SUJECION DE BRONCE PARA TANQUE INODORO ', 16, 1.27),
(748, 'PERNO UNC 5/16 X 2 1/2 ', 16, 1.19),
(749, 'PERNO UNC 5/16 X 2"', 16, 1.61),
(750, 'PERNO ZINC AUTOPERFORANTE Ø 12mm x 1" RECUBRIMIENTO ZINC-ME INC. ARANDELA CAB. H', 15, 0.24),
(751, 'PERNO ZINC. AUTOPEREFORANTE Ø 12mm x 1" RECUBRIMIENTO ZINC-ME INC. ARANDELA CAB.', 22, 6.36),
(752, 'PERNO ZINCADO ROSCA CORRIDA M10 x 5" NC G°8 ', 15, 6.69),
(753, 'PERNOS FLANGE CLASE 8.8 M-10 x 25 NEGRO', 16, 0.43),
(754, 'PH BLA 300 x 6 1H PE', 15, 36.36),
(755, 'PICOBAS DE CORTE 7"', 15, 6.78),
(756, 'PIEDRA CHANCADA', 23, 50.85),
(757, 'PIN CON AGUJERO Ø 1/4" x 4"', 15, 15.00),
(758, 'PIN DE CONTENEDOR O PIÑA ESCANDIBLE TIPO JOST C/ ROSCA - PCMK', 15, 127.12),
(759, 'PIN DE CONTENEDOR TIPO AMPRO - PCMK', 15, 77.79),
(760, 'PIN GUIA Ø 3/8" PARA SIERRA COPA - TRUPER', 15, 11.86),
(761, 'PIN GUIA Ø 6mm x 50mm PARA BROCA CORONA', 15, 39.60),
(762, 'PIN GUIA Ø 7/16" PARA SIERRA COPA - TRUPER', 15, 20.34),
(763, 'PIN ROSCADO CON SEGURO Ø 1 /18" x 4"', 15, 60.00),
(764, 'PINES DE FIJACION CARRETA - JAULA PORTACILINDROS DEL MODULO SRV-80', 15, 366.23),
(765, 'PINO', 15, 8.05),
(766, 'PINTURA  AUTOIMPRIMANTE ULTRAMASTIC 850 HSHB COLOR BLANCO - PARTE A', 18, 82.22),
(767, 'PINTURA  AUTOIMPRIMANTE ULTRAMASTIC 850 HSHB RAL 5015-PARTE A', 18, 83.28),
(768, 'PINTURA  CPP - PATO', 33, 39.75),
(769, 'PINTURA  PRIMIUM BCO', 18, 196.27),
(770, 'PINTURA BASE EPOXICA ULTRAMASTIC 700 MP PARTE A GRIS (RAL 7040) - PERU PAINT', 18, 74.34),
(771, 'PINTURA BASE UNIPOX ECO PRIMER COLOR BLANCO + CATALIZADOR', 18, 78.50),
(772, 'PINTURA BASE UNIPOX ECO PRIMER GRIS RAL 7040 + CATALIZADOR', 34, 82.51),
(773, 'PINTURA BASE UNIPOX MASTIC 700 COLOR BLANCO (PARTE A)', 18, 88.14),
(774, 'PINTURA BASE UNIPOX MASTIC 700 COLOR GRIS RAL 7040 (PARTE A)', 18, 87.91),
(775, 'PINTURA EPOXICA ULTRAMASTIC 700 MP PARTE A AMARILLO RAL 1003 - PERU PAINT', 18, 75.13),
(776, 'PINTURA ESMALTE', 18, 29.96),
(777, 'PINTURA ESMALTE AZUL ELECTRICO', 18, 32.00),
(778, 'PINTURA ESMALTE CPP', 33, 30.67),
(779, 'PINTURA ESMALTE GLOSS COLOR BLANCO PURO O UNIVERSAL', 18, 64.85),
(780, 'PINTURA LATEX - TAMSA', 33, 13.28),
(781, 'PINTURA LATEX AMERICAN COLORS MARFIL', 18, 241.53),
(782, 'PINTURA LATEX CREMA', 18, 50.85),
(783, 'PINTURA LATEX GRIS CLARO', 18, 50.85),
(784, 'PINTURA LATEX PATO BLANCO', 18, 76.09),
(785, 'PINTURA LATEX X 20 LT', 24, 12.63),
(786, 'PINTURA MATIZADA COLOR GRIS', 18, 23.73),
(787, 'PINTURA POLIURETANO ALIFATICO ULTRATHANE 7000 COLOR ROSADO RAL 3015 + CATALIZADO', 18, 184.24),
(788, 'PINTURA SPRAY AMBROSOL', 19, 20.34),
(789, 'PINTURA SPRAY KNAUF', 19, 5.51),
(790, 'PINTURA SPRAY NEGRA 400ml - ABRO', 19, 8.47),
(791, 'PINTURA SUPERGLOSS MATIZADO RAL 7040 - ANYPSA', 18, 49.15),
(792, 'PINTURA TRAFICO AMARILLO', 18, 35.85),
(793, 'PINTURA TRAFICO ANYPSA  AMARILLO', 18, 37.71),
(794, 'PINTURA TRAFICO ANYPSA BLANCO', 18, 37.71),
(795, 'PINTURA TRAFICO ANYPSA ROJO BERMELLON', 18, 37.71),
(796, 'PINTURA TRAFICO VERDE', 18, 37.71),
(797, 'PINTURA ULTRAFINISH EPOXY 550 DF RAL AMARILLO MD EXTRA BRILLO (SEGUN MUESTRA) + ', 18, 94.69),
(798, 'PINTURA VERDE ESMERALDA', 30, 10.78),
(799, 'PINTURA Z GLOSS COLOR ALUMINIO RAL 9006', 18, 59.96),
(800, 'PISO 30 x 30  2.34m2', 25, 44.42),
(801, 'PISO 59 x 59 1.39M2 CITY DISTOPI', 15, 38.67),
(802, 'PISO CELIMA PERLADO BLANCO 45 x 45 CAJA 2.03m2', 25, 43.85),
(803, 'PISO FLEXIBLE PALACE WENGUE x 2.00 mt ANCHO', 25, 18.22),
(804, 'PISTOLA CON VASO PARA PINTAR MOD 472 - SAGOLA', 38, 133.48),
(805, 'PL FIBRCMN', 15, 34.57),
(806, 'PLACA COLABORANTE TIPO AD 730/22, GAGE 22 x 8.00m GALVANIZADO G90 PRE PINTADO', 15, 329.26),
(807, 'PLACA COLABORANTE TIPO AD 730/22, GAGE 22 x 9.00m GALVANIZADO G90 PRE PINTADO', 15, 370.41),
(808, 'PLANCHA  0.5 ', 27, 38.98),
(809, 'PLANCHA  ANTIABRASIVA DE 400BRN DE 5/8" x 0.07m x 0.50m ', 27, 33.48),
(810, 'PLANCHA  ANTIABRASIVA DE 400BRN DE 5/8" x 0.18m x 0.70m ', 27, 107.14),
(811, 'PLANCHA  ANTIABRASIVA DE 400BRN DE 5/8" x 0.30m x 0.15m ', 27, 40.18),
(812, 'PLANCHA  ANTIABRASIVA DE 400BRN DE 5/8" x 0.35m x 0.70m ', 27, 214.27),
(813, 'PLANCHA 1/2', 16, 78.71),
(814, 'PLANCHA 120 x 240 x 1.5 mm', 15, 62.29),
(815, 'PLANCHA 120 x 240 x 1/20 mm', 15, 62.29),
(816, 'PLANCHA 120 x 240 x 2.0 mm', 15, 83.05),
(817, 'PLANCHA 120 x 240 x 3.0 mm', 15, 110.17),
(818, 'PLANCHA 3/4', 16, 80.00),
(819, 'PLANCHA 3/8', 16, 18.50),
(820, 'PLANCHA ACANALADA 1/27', 16, 60.17),
(821, 'PLANCHA ANTIABRASIVA DE 400BRN DE 1/2" x 1.10m x 0.80m ', 27, 595.95),
(822, 'PLANCHA DE BATIR - KAMASA', 15, 11.86),
(823, 'PLANCHA DE TECNOPOR DE 1"', 24, 10.59),
(824, 'PLANCHA DE YESO RH GYPLAC 1.22 x 2.44 1/2" (12.7 mm)', 15, 16.86),
(825, 'PLANCHA DE YESO RH GYPLAC 1.22 x 2.44 3/8" (9.5 mm)', 15, 16.53),
(826, 'PLANCHA ESTRIADA 2.0 x 1200 x 2400', 27, 81.61),
(827, 'PLANCHA ESTRIADA 250 x 1050 x 2400', 27, 156.78),
(828, 'PLANCHA ESTRIADA 5/64 4 x 8 (2.00mm)', 27, 118.59),
(829, 'PLANCHA ESTRIADA A-36 1/8" x 4'' x 8''', 27, 203.39),
(830, 'PLANCHA ESTRUCTURAL A-36 1.50mm x 1200mm x 2400mm', 27, 55.84),
(831, 'PLANCHA ESTRUCTURAL A-572 3/16" x 5'' x 10''', 27, 325.08),
(832, 'PLANCHA ESTRUCTURAL A-572 4.5mm x 1500mm x 3000mm', 27, 312.92),
(833, 'PLANCHA ESTRUCTURAL A-572 4.5mm x 1500mm x 6000mm', 27, 506.59),
(834, 'PLANCHA ESTRUCTURAL A-572 5/16" x 5'' x 10''', 27, 546.71),
(835, 'PLANCHA ESTRUCTURAL ASTM A-36 1/16" x 4'' x 10''', 27, 103.68),
(836, 'PLANCHA ESTRUCTURAL ASTM A-36 1/2" x 4'' x 8''', 27, 525.42),
(837, 'PLANCHA ESTRUCTURAL ASTM A-36 1/4" x 5'' x 10''', 27, 395.15),
(838, 'PLANCHA ESTRUCTURAL ASTM A-36 1/8" x 5'' x 10''', 27, 186.16),
(839, 'PLANCHA ESTRUCTURAL ASTM A-36 1/8" x 5'' x 10'' AGUJEREADA', 27, 142.86),
(840, 'PLANCHA ESTRUCTURAL ASTM A-36 12.00mm x 1200mm x 2400mm', 15, 603.71),
(841, 'PLANCHA ESTRUCTURAL ASTM A-36 12.00mm x 1500mm x 6000mm', 15, 1856.23),
(842, 'PLANCHA ESTRUCTURAL ASTM A-36 19.00mm x 2000mm x 6000', 15, 1222.37),
(843, 'PLANCHA ESTRUCTURAL ASTM A-36 2.00 x 1200 x 2400', 27, 70.15),
(844, 'PLANCHA ESTRUCTURAL ASTM A-36 2.5mm x 4'' x 8''', 27, 102.27),
(845, 'PLANCHA ESTRUCTURAL ASTM A-36 3/16" x 5'' x 10''', 27, 301.95),
(846, 'PLANCHA ESTRUCTURAL ASTM A-36 3/32" (2.5mm) x 5'' x 10''', 27, 176.28),
(847, 'PLANCHA ESTRUCTURAL ASTM A-36 381mm x 25.4mm x 3.0mm AGUJEREADA', 27, 8.50),
(848, 'PLANCHA ESTRUCTURAL ASTM A-36 9.00mm x 1500m x 3000mm', 15, 698.26),
(849, 'PLANCHA ESTRUCTURAL LAC (1/4) 6.0 x 1500 x 3000 mm', 27, 455.93),
(850, 'PLANCHA ESTRUCTURAL LAC (1/8) 3 x 1500 x 3000mm', 27, 216.06),
(851, 'PLANCHA ESTRUCTURAL LAC (3/16) 4.5 x 1500 x 3000mm', 27, 338.14),
(852, 'PLANCHA GALVANIZADA 0.30mm x 1200mm x 2400mm', 27, 31.36),
(853, 'PLANCHA GALVANIZADA 0.5mm x 1200mm x 2400mm', 15, 42.36),
(854, 'PLANCHA GALVANIZADA 0.60 x 1200 x 2400 ', 27, 30.05),
(855, 'PLANCHA GALVANIZADA 0.90 x 1200 x 2400 ', 27, 44.53),
(856, 'PLANCHA GALVANIZADA 1.00 x1200 x 2400 ', 27, 54.89),
(857, 'PLANCHA GALVANIZADA 1.15mm x 1200mm x 2400mm', 27, 58.59),
(858, 'PLANCHA GALVANIZADA 1.20mm x 1200mm x 2400mm ', 27, 58.71),
(859, 'PLANCHA GALVANIZADA 1.45mm x 1200mm x 2400mm', 27, 73.88),
(860, 'PLANCHA GALVANIZADA 1.50mm x 1200mm x 2400mm', 27, 77.31),
(861, 'PLANCHA GALVANIZADA 1.9mm x 4'' x 8'' ', 15, 114.36),
(862, 'PLANCHA GALVANIZADA 1/54" x 1.20m x 2.40m', 15, 38.98),
(863, 'PLANCHA GALVANIZADA 2.30mm x 1200 x 2400 ', 27, 122.91),
(864, 'PLANCHA GALVANIZADA 2.5mm x 4'' x 8''', 27, 245.16),
(865, 'PLANCHA GALVANIZADA 3.0mm x 1200mm x 2400mm', 27, 288.42),
(866, 'PLANCHA GALVANIZADA PERFORADA 2.50mm x 1200mm x 2400mm', 15, 190.86),
(867, 'PLANCHA LAF 0.90 x 1200 x 2400', 27, 37.65),
(868, 'PLANCHA LAF 1.20 x 1200 x 2400', 27, 50.94),
(869, 'PLANCHA LISA  A-36, 0.80 x 1200 x 3000', 16, 59.00),
(870, 'PLANCHA PLEGADAS DE 12mm x 1480 x 210', 15, 42.37),
(871, 'PLANCHAS ESTRUCTURAL ASTM A-36 2mm 4'' x 8''', 15, 127.12),
(872, 'PLASTICO DE 2m DE ANCHO', 25, 1.53),
(873, 'PLASTICO DOBLE CERA ', 25, 5.85),
(874, 'PLATINA  1 1/2" x 3/16" ', 16, 84.75),
(875, 'PLATINA  DE 6.00mm CON AGUJEROS', 16, 42.00),
(876, 'PLATINA 1/4" x 1 1/2" x 6m', 15, 25.34),
(877, 'PLATINA 1/4" x 1 1/4" x 6m', 15, 17.09),
(878, 'PLATINA 1/8" x 1 1/4" x 6m', 15, 9.32),
(879, 'PLATINA 1/8" x 1" x 6m', 15, 8.22),
(880, 'PLATINA 1/8" x 2" x 6m', 15, 14.44),
(881, 'PLATINA 1/8" x 3/4" x 6m', 15, 6.36),
(882, 'PLATINA 3/16" x 1 1/2" x 6m', 15, 15.36),
(883, 'PLATINA 3/16" x 1" x 6m', 15, 10.46),
(884, 'PLATINA 3/16" x 3" x 6m', 15, 48.56),
(885, 'PLATINA ESTRUCTURAL ASTM A-36 1/2" X 2 1/2" X 6m', 16, 135.56),
(886, 'PLATINA ESTRUCTURAL ASTM A-36 1/4" X 1 1/2" X 6m', 16, 18.11),
(887, 'PLATINA ESTRUCTURAL ASTM A-36 1/4" x 2 1/2" x 10''', 15, 30.00),
(888, 'PLATINA ESTRUCTURAL ASTM A-36 1/4" x 2" x 6m', 16, 28.70),
(889, 'PLATINA ESTRUCTURAL ASTM A-36 1/4" x 4" x 6m', 15, 84.75),
(890, 'PLATINA ESTRUCTURAL ASTM A-36 1/8" X 1 1/2" X 6m', 16, 9.15),
(891, 'PLATINA ESTRUCTURAL ASTM A-36 1/8" x 1" x 6m', 15, 11.02),
(892, 'PLATINA ESTRUCTURAL ASTM A-36 1/8" X 1/2" X 6m', 16, 3.03),
(893, 'PLATINA ESTRUCTURAL ASTM A-36 1/8" x 2" x 6m', 16, 14.20),
(894, 'PLATINA ESTRUCTURAL ASTM A-36 3"x 3/16"x 6.00m', 16, 47.03),
(895, 'PLATINA ESTRUCTURAL ASTM A-36 3/16" x 1" x 6m', 16, 16.95),
(896, 'PLATINA ESTRUCTURAL ASTM A-36 3/16" X 1/2" X 6m', 16, 8.66),
(897, 'PLATINA ESTRUCTURAL ASTM A-36 3/16" x 2 1/2" x 6m', 16, 27.93),
(898, 'PLATINA ESTRUCTURAL ASTM A-36 3/16" x 3" x 6m', 15, 34.42),
(899, 'PLATINA ESTRUCTURAL ASTM A-36 3/8" x 2" x 6m', 16, 43.31),
(900, 'PLATINA ESTRUCTURAL LATERAL A-36 4.0mm x 2" x 6m ', 15, 9.50),
(901, 'PLOMO BARRA #1 50gr.', 15, 1.02),
(902, 'PLOMO BARRA #2 125gr.', 15, 2.12),
(903, 'PORCELANATO CASSINELLI URBAN GRIS CLARO 60x60 CAJA 1.44 m2 ', 21, 27.94),
(904, 'PRENSA  ESTOPAS PG-9_4-8mm', 15, 13.47),
(905, 'PRESCINTOS DE 15cm', 37, 8.39),
(906, 'PT BLA 150 x 2 1H PE', 15, 32.12),
(907, 'PUERTA DE ALUMINIO CON VIDRIO', 16, 322.03),
(908, 'PULPO SCAMEN CODIGO 5040 2035', 15, 508.39),
(909, 'PULTYONES SIMPLE', 16, 84.75),
(910, 'PURGADOR DE M22 CON GRIFO DE 1/4 NPT', 16, 25.42),
(911, 'RACHET', 16, 76.27),
(912, 'RACHS DE FRENO DE CARRETA', 16, 76.27),
(913, 'RATCHET DE FRENO 28 DIENTES', 15, 102.15),
(914, 'RECARGA EXTINTOR PQS x 6 kg.', 15, 38.14),
(915, 'RECARGA EXTINTOR PQS x 9 kg', 28, 46.61),
(916, 'RECOGEDOR - METALICO', 16, 5.00),
(917, 'RED. 2 - 1 1/2"', 16, 1.69),
(918, 'RED. LISO A- 36 1 1/4 x 6mt.', 16, 99.58),
(919, 'RED. LISO A -36 1" x 6mt.', 16, 50.66),
(920, 'RED. LISO A- 36 1.1/2 x 6mt.', 16, 152.08),
(921, 'RED. LISO A -36 1.3/4" x 6 mt.', 16, 196.36),
(922, 'RED. LISO A- 36 1/2" x 6m', 16, 11.91),
(923, 'RED. LISO A- 36 2" x 6mt.', 16, 257.91),
(924, 'RED. LISO A -36 3/4" x 6 mt.', 16, 26.14),
(925, 'RED. LISO A -36 3/8" x 6 mt.', 16, 6.14),
(926, 'RED. LISO A -36 5/8" x 6 mt.', 16, 15.70),
(927, 'RED. LISO A -36 7/8" x 6 mt.', 16, 38.76),
(928, 'RED. LISO A-36 1 1/2 x 6 m', 15, 174.43),
(929, 'RED. LISO A-36 1 3/4 x 6 m', 15, 233.51),
(930, 'RED. LISO A-36 1" x 6 m', 15, 51.14),
(931, 'RED. LISO A-36 3/8 x 6 mt.', 16, 5.53),
(932, 'RED. LISO A-36 7/8" x 6 m', 16, 39.53),
(933, 'RED. LISO PULIDO. A-36  3/4" x 6 MT.', 16, 26.51),
(934, 'RED. LISO PULIDO. A-36 1 1/2" x 6 MT.', 16, 170.15);
INSERT INTO `materiales` (`id_material`, `material`, `id_unidad`, `precio`) VALUES
(935, 'RED. LISO PULIDO. A-36 1 1/4" x 6 MT.', 16, 118.68),
(936, 'RED. LISO PULIDO. A-36 1 3/4" x 6 MT.', 16, 231.61),
(937, 'RED. LISO PULIDO. A-36 2" x 6 MT.', 16, 302.65),
(938, 'RED. LISO PULIDO. SAE 1045 1 3/4" x 6 MT.', 16, 218.46),
(939, 'RED. LISO PULIDO. SAE 1045 2" x 6 MT.', 16, 306.19),
(940, 'RED. PULIDO A-36 1 1/2 x 6mts', 15, 152.54),
(941, 'REDUCCION   1 1/2 - 3/4 PVC', 16, 3.73),
(942, 'REDUCCION 4" - 2" PVC', 16, 4.66),
(943, 'REDUCCION BUSHIN DE 3/4" NTP-M  x  1/2" NPT-F SS316', 15, 36.76),
(944, 'REDUCTOR MACHO NPT- HEMBRA NPT 1/2"x 3/4" STBB', 15, 21.34),
(945, 'REDUCTOR MACHO NPT- HEMBRA NPT 3/4"x 1" STBB', 15, 16.95),
(946, 'REFLECTOR T/CONTEMPO HM 400 W ', 16, 194.92),
(947, 'REGISTRO DE 4" CROMADO - FIPALSA', 16, 12.45),
(948, 'REMACHADOR STANLEY 69-800 AMARILLO', 15, 53.39),
(949, 'REMACHE 3/16" x 1/2"', 15, 0.03),
(950, 'REMACHE 3/16" x 3/4"', 15, 0.04),
(951, 'REMACHE Ø 5/32" x 1/2"', 15, 0.17),
(952, 'REMACHE POP dh 3/16" x 1"', 16, 0.05),
(953, 'REMACHES Ø 3/16" x 1"', 15, 0.10),
(954, 'REPARACION DE DOS AMOLADORAS Y UN TALADRO  ELECTRO', 28, 127.12),
(955, 'REPARACION DE TARJETA DIGITAL MOD. PE 1012 0/1 ISS2', 15, 200.00),
(956, 'REPUESTOS Y ACCESORIOS ELECTRICO AUTOMOTRIZ', 15, 159.32),
(957, 'RESORTE DE ZAPATA', 16, 12.71),
(958, 'RESORTES DE ZNP', 15, 12.71),
(959, 'RESPIRADOR SILICONA 7502  - 3M', 15, 83.05),
(960, 'RETENES 255210 D.B', 15, 29.66),
(961, 'RETENES DE BOCAMASA', 15, 50.85),
(962, 'RIEL DIN', 15, 8.47),
(963, 'RIEL DRYWALL 65mm x 3m', 15, 4.40),
(964, 'RIEL INFERIOR 1.5cm x 2.40m', 15, 14.83),
(965, 'RIEL PARA DRYWALL 65 x 25 x 0.45 x 3.00 mts  DRYMART', 15, 4.40),
(966, 'RIEL STANLEY 2.5 mm x 6 mts. (2") LAC', 16, 66.95),
(967, 'RODAJE', 16, 182.20),
(968, 'RODAMIENTO 51405 (25mm x 60mm x24mm) - FAG', 15, 101.15),
(969, 'RODILLO', 16, 3.82),
(970, 'RODILLO PARA PINTAR 9" - TUMI', 15, 15.59),
(971, 'RUEDA  POST. FRENOSA', 15, 254.24),
(972, 'RUEDA O DIAMANTE DE CORTE PARA CORTA TUBO COD MS-TCW-308', 15, 36.81),
(973, 'SAN JORGE F/ AIRE', 15, 38.14),
(974, 'SBL COMBO', 15, 59.24),
(975, 'SELLADOR CHEMA', 13, 12.63),
(976, 'SELLADOR MAJESTAD ', 18, 54.32),
(977, 'SEÑAL DE ZONA WIFI', 15, 6.69),
(978, 'SET DE FERULA Ø1/4"OD 760LS-SS', 15, 9.27),
(979, 'SET DE FERULA Ø3/4"OD 760LS-SS', 15, 27.86),
(980, 'SET DE FERULA Ø3/8"OD 760LS-SS', 15, 11.66),
(981, 'SIERRA COPA DE 14 - 30 mm BAHCO', 15, 19.92),
(982, 'SIERRA COPA DE 24 mm BAHCO', 15, 27.97),
(983, 'SIERRA TIPO COPA Ø 25 mm - BAHCO', 15, 31.78),
(984, 'SIERRA TIPO COPA Ø 51 mm - BAHCO', 15, 52.54),
(985, 'SIKA GROUT 212 x 30kg', 30, 94.83),
(986, 'SIKAFLEX 221 BLANCO x 330ml - SIKA', 36, 28.22),
(987, 'SIKASIL NEGRO ', 15, 8.48),
(988, 'SILICONA ', 19, 8.05),
(989, 'SILICONA SIKASIL AC BLANCO x 300ml - SIKA', 36, 10.17),
(990, 'SISTEMA DE PROTECCION ELECTRICA POZO A TIERRA - CD ZAR', 34, 850.00),
(991, 'SOCKET COLGANTE BAKELITA', 16, 8.39),
(992, 'SOGA NYLON DE 3/8" Ø', 25, 0.85),
(993, 'SOLDADURA 1/8"', 13, 10.17),
(994, 'SOLDADURA AP Ø 1/8" (E-6011) - PUNTO AZUL', 13, 8.78),
(995, 'SOLDADURA CELLOCORD 1/30"', 13, 11.19),
(996, 'SOLDADURA CELLOCORD 1/32"', 13, 10.34),
(997, 'SOLDADURA CELLOCORD 1/8"', 13, 11.86),
(998, 'SOLDADURA CHANFERCORD 1/8" (3.25mm)', 13, 11.86),
(999, 'SOLDADURA CHANFERCORD 5/32" (4.0mm)', 13, 20.25),
(1000, 'SOLDADURA E6011 CELLOCORD AP Ø 1/8" (3.25mm)', 13, 11.34),
(1001, 'SOLDADURA E6011 CELLOCORD AP Ø 3/32" (2.5mm)', 13, 13.86),
(1002, 'SOLDADURA E7018 SUPERCITO Ø 1/8" (3.25mm)', 13, 11.77),
(1003, 'SOLDADURA E7018 SUPERCITO Ø 3/32" (2.5mm)', 13, 13.56),
(1004, 'SOLDADURA OVERCORD 2.50mm 3/32"', 13, 14.15),
(1005, 'SOLDADURA SUPERCITO 5/32"', 13, 12.29),
(1006, 'SOPLETE AEROGRAFICA - TRUPER', 15, 76.27),
(1007, 'SOPORTE DE GANCHO', 15, 3.39),
(1008, 'SOPORTE DE POLIPROPILENO DE 1" O.D CON PLACAS, PERNOS Y BASE', 16, 19.71),
(1009, 'SOPORTE DE POLIPROPILENO DE 1/2" O.D CON PLACAS, PERNOS Y BASE', 16, 16.43),
(1010, 'SOPORTE DE POLIPROPILENO DE 3/4" O.D CON PLACAS, PERNOS Y BASE', 16, 19.71),
(1011, 'SOPORTE DE TUBING 1/2" C/ DOBLE AJUSTE RSB (C11992) ', 16, 30.32),
(1012, 'SOPORTE DE TUBING 3/4" C/ DOBLE AJUSTE RSB (C11992) ', 16, 44.35),
(1013, 'SOPORTE PARA GUARDAFANGO', 15, 68.09),
(1014, 'SOQUETE ', 15, 5.36),
(1015, 'SOQUETE COLGANTE BAKELITA', 15, 0.85),
(1016, 'SPRAY 2N-CR AMBROSOL', 19, 22.88),
(1017, 'SPRAY ANTICORROSIVO GRIS ', 19, 5.93),
(1018, 'SPRAY BLANCO BRILLO', 19, 8.48),
(1019, 'SPRAY COLOR NEGRO MATE', 19, 5.72),
(1020, 'SPRAY COLOR ROJO', 19, 7.63),
(1021, 'SPRAY GALVANIZADO EN FRIO BRILLANTE CRC 18414', 15, 23.31),
(1022, 'STOVE BOLT Ø 1/8" x 1 1/2" ZINCADO', 15, 0.08),
(1023, 'STOVE BOLT Ø 3/16" x 1" ZINCADO ', 15, 0.85),
(1024, 'STRECH FILM 6" x 20m', 20, 11.02),
(1025, 'SUMIDERO DE 2"', 16, 4.43),
(1026, 'SUMINISTRO DE NITROGENO GASEOSO PARA PROCESO DE INERTIZACION.', 15, 4450.00),
(1027, 'SUPER FORTE ROJO ONDA 177 FIBRA FORTE 1.11 x 3.05 1.45 MM', 15, 41.36),
(1028, 'SUPERCITO 1/8" x 3.25 mm', 13, 12.63),
(1029, 'SUPERCITO 2.50mm x 5/32"', 13, 12.63),
(1030, 'SUPERGLOSS ANYPSA', 18, 50.85),
(1031, 'TABLA DE MADERA 1" x 14" x 9''', 15, 32.63),
(1032, 'TABLA DE MADERA 1" x 16" x 9''', 15, 30.51),
(1033, 'TABLA DE MADERA 1" x 19" x 9''', 15, 36.02),
(1034, 'TABLERO ADOSABLE 2P', 15, 15.08),
(1035, 'TABLERO CON INERSION DE GIRO, PROTECCION MAS SIRENA', 16, 1800.00),
(1036, 'TAPA CIEGA CUADRADA', 15, 2.46),
(1037, 'TAPA CIEGA OCTOGONAL - ECON', 15, 0.59),
(1038, 'TAPA CIEGA RECTANGULAR - ECON', 15, 0.59),
(1039, 'TAPA CIEGA REDONDA', 15, 2.93),
(1040, 'TAPA PARA INODORO', 15, 8.48),
(1041, 'TAPAS EN FP. S/MUESTRA', 16, 18.67),
(1042, 'TAPON 10mm FORR CAP', 15, 6.17),
(1043, 'TAPON 12MP-PLUG', 15, 6.78),
(1044, 'TAPON 16MP-PLUG', 15, 2.00),
(1045, 'TAPON 4" PVC DESAGUE', 24, 2.97),
(1046, 'TAPON 6mm FORR CAP', 15, 4.08),
(1047, 'TAPON AUDITIVO C/CORDON - SPRO', 29, 2.37),
(1048, 'TAPON DE M16', 16, 8.47),
(1049, 'TAPON ENFR S/MUESTRA', 16, 46.67),
(1050, 'TAPON HEMBRA ORFS 3/8', 15, 16.72),
(1051, 'TAPON MACHO 2"', 16, 0.85),
(1052, 'TAPON MACHO 8 MM NPT', 16, 2.83),
(1053, 'TAPON MACHO BRONCE Ø 1/4" NPTM', 15, 10.75),
(1054, 'TAPON MACHO DE 1" PVC', 15, 0.85),
(1055, 'TAPON MACHO DE 1/2" FºGº', 24, 0.85),
(1056, 'TAPON MACHO Ø 1/2" NPT', 15, 0.85),
(1057, 'TAPON MACHO Ø 1/4" NPT SS316 COD GP-4N-S -DK LOK ', 15, 9.47),
(1058, 'TAPON MACHO Ø 3/4" NPT SS316 COD GP-12N-S - DK LOK', 15, 30.66),
(1059, 'TAPON MACHO Ø1/4" NPT x 5000 LBS', 16, 10.00),
(1060, 'TAPON MACHO Ø3/4" NPT x 5000 LBS', 16, 5.79),
(1061, 'TAPON Ø 1/2" NPT STBB', 15, 12.93),
(1062, 'TAPON PARA OIDOS', 29, 5.85),
(1063, 'TAPON PVC DESAGUE Ø 6" x 160mm', 15, 9.16),
(1064, 'TAPONES NPT', 15, 2.54),
(1065, 'TARUGO 3/8"', 16, 0.13),
(1066, 'TARUGO 5/16"', 16, 2.97),
(1067, 'TARUGO PLASTICO AZUL Ø 5/16"', 15, 0.03),
(1068, 'TARUGO PVC 3/8" NARANJA', 15, 0.13),
(1069, 'TECHO PERFIL 4 BLANCO 3.05 x 1.10m  ETERNIT', 15, 23.73),
(1070, 'TECHO PERFIL 4 GRIS 1.83 x 1.10m  ETERNIT', 15, 23.73),
(1071, 'TECHO PERFIL 4 GRIS 3.05 x 1.10m  ETERNIT', 15, 11.02),
(1072, 'TECHO PERFIL 4 ROJO 3.05 x 1.10m  ETERNIT', 15, 11.02),
(1073, 'TECHO PLUS BLANCO 1.10 x 3 m', 15, 23.73),
(1074, 'TECNOPOR 3/4"', 16, 10.59),
(1075, 'TEE  1/2" CPVC', 16, 1.70),
(1076, 'TEE  1/4" x 2 x 6m.', 16, 2.12),
(1077, 'TEE 1 1/2" PVC', 16, 1.78),
(1078, 'TEE 1 1/2" S/R AGUA  NICOL', 16, 49.15),
(1079, 'TEE 1" PVC', 16, 6.78),
(1080, 'TEE 3.00mm x 20mm x 6mt.', 15, 10.43),
(1081, 'TEE 4" x 4" DESAGUE TUBOPLAST', 16, 5.93),
(1082, 'TEE ASTM A-36 1 1/2" x 1 1/2" x 3/16" x 6m', 15, 54.71),
(1083, 'TEE ASTM A-36 1 1/4"x 1/8" ', 16, 42.37),
(1084, 'TEE ASTM A-36 1/8" x 1 1/2" x 6m', 15, 36.87),
(1085, 'TEE COAXIAL ', 15, 1.27),
(1086, 'TEE HEMBRA NPT Ø 3/4"', 15, 284.40),
(1087, 'TEE HEMBRA NPT Ø 3/4" - HEMBRA NTP 3/4" - HEMBRA NTP 3/4" INOXIDABLE 316', 16, 328.55),
(1088, 'TEE Ø 3/4"ODx 3/4"OD x 5000 PSI', 15, 60.00),
(1089, 'TEE PVC Ø 1/2"  ', 15, 1.70),
(1090, 'TEE ROSCADO 1/4"NPTH 101H-SS', 15, 84.84),
(1091, 'TEE ROSCADO 3/4"NPTH x 5000 PSI', 15, 76.00),
(1092, 'TEE SANITARIA 4"', 16, 11.02),
(1093, 'TEE UNION Ø 1" OD, SS 316', 15, 533.74),
(1094, 'TEFLON 1/2" AMARILLO - SHUBERT', 20, 2.97),
(1095, 'TEFLON 12 mm x 0.075 mm x 12 m', 20, 2.12),
(1096, 'TEFLON LIQUIDO MS-STR-250 x 250ml.', 36, 50.85),
(1097, 'TEMPLE MAJESTAD x 25kg', 30, 38.77),
(1098, 'TERMINAL COAXIAL', 15, 0.42),
(1099, 'TERMINAL PIN DE COBRE ESTAÑADO 10mm', 15, 1.27),
(1100, 'TERMINAL PIN DE COBRE ESTAÑADO 15mm', 15, 1.70),
(1101, 'TERMINAL PIN DE COBRE ESTAÑADO 25mm', 15, 2.54),
(1102, 'TERMINAL PIN DE COBRE ESTAÑADO 35mm', 15, 2.97),
(1103, 'TERMOMAGNETICO ', 15, 101.69),
(1104, 'THINER ACRILICO', 18, 15.70),
(1105, 'THINER ACRILICO Z-EXTRA PARA GLOSS', 18, 16.45),
(1106, 'THINER MAESTRO ANYPSA', 18, 18.00),
(1107, 'THINNER 330', 18, 12.29),
(1108, 'THINNER ACRILICO', 18, 12.29),
(1109, 'THINNER ACRILICO CHEMICAL AUTOMOTRTIZ REFORZADO', 18, 12.29),
(1110, 'THINNER AUTOMOTRIZ ', 18, 12.71),
(1111, 'THINNER SUPER ACRILICO UNIDIL 900', 18, 24.69),
(1112, 'TIRAFON Ø 1/4" x 1 1/2"', 15, 0.17),
(1113, 'TIZA ESTRUCTURAL O DE CALDERERO', 15, 1.10),
(1114, 'TOBERA Ø 1/2" STD HEAVY DUTY (A PRESION) - TREGASKISS', 15, 52.94),
(1115, 'TOBERA Ø 5/8" HEAVY DUTY - TREGASKISS', 15, 53.33),
(1116, 'TOMA DOBLE L/T 2055 MARFIL LIRIO EPEM', 16, 5.51),
(1117, 'TOMACORRIENTE AEREO', 16, 12.63),
(1118, 'TOMACORRIENTE DOBLE 16A x 250v UNIVERSAL CON LINEA TIERRA  - SICA', 15, 12.29),
(1119, 'TOMACORRIENTE DOBLE PARA PARED', 16, 12.63),
(1120, 'TOMACORRIENTE SIMPLE PLANO', 16, 1.70),
(1121, 'TOMACORRIENTE TRIPLE PARA EMPOTRAR', 16, 2.97),
(1122, 'TOMACORRIENTE UNIVERSAL DOBLE 16A - 250v', 15, 4.24),
(1123, 'TORNILLO 1" x 10u', 30, 0.68),
(1124, 'TORNILLO AUTOPERFORANTE P/BROCA ZINCADO 7 x 7/16', 39, 0.02),
(1125, 'TORNILLO PARA DRYWALL NEGRO 8 x 1"', 22, 2.64),
(1126, 'TORNILLO PLACA 6 x 25 MM P/FINA', 39, 13.81),
(1127, 'TRAMPA Ø 2" C/ REGULADOR DESAGUE - KOPLAST', 15, 7.20),
(1128, 'TRAMPA Ø 2" C/ REGULADOR DESAGUE - NICOLL', 15, 8.76),
(1129, 'TRAPO INDUSTRIAL', 13, 3.23),
(1130, 'TRAPO INDUSTRIAL COSIDO', 13, 3.22),
(1131, 'TRIPLAY R/R 4 X 8 X 4 ', 27, 101.70),
(1132, 'TUBERIA ELECTRA Ø 3/4" x 3m - SEL', 15, 2.12),
(1133, 'TUBERIA ELECTRICA Ø 1 1/2" x 3m - SEL', 15, 2.08),
(1134, 'TUBERIA ELECTRICA Ø 3/4" x 3m - SEL', 15, 2.12),
(1135, 'TUBERIA FLEXIBLE C/ FORRO NEOPRENE LIVIANA 1', 25, 4.07),
(1136, 'TUBERIA FLEXIBLE C/ FORRO NEOPRENE LIVIANA 1/2', 25, 2.71),
(1137, 'TUBERIA FLEXIBLE C/ FORRO NEOPRENE LIVIANA 3/4', 25, 3.39),
(1138, 'TUBING 1 O.D. x 0.120" , SIN COSTURA, SS316/SS316L, ASTM A213/269 x 6.10m COD. T', 15, 743.63),
(1139, 'TUBING 1/2 O.D. x  0.065", SIN COSTURA, SS316 /SS316L, ASTM A213/269 COD. TL8-06', 15, 242.14),
(1140, 'TUBING 20mm O.D. x 2.20mm , SIN COSTURA, SS316/SS316L', 15, 185.66),
(1141, 'TUBING 3/4 O.D. x 0.095", SIN COSTURA, SS316/SS316L,ASTM A213/269', 15, 514.43),
(1142, 'TUBING 3/4 O.D. x 0.095", SIN COSTURA, SS316/SS316L,ASTM A213/269, PRESENTACION ', 15, 519.78),
(1143, 'TUBING Ø 1/2"OD x 0.065mm, SIN COSTURA SS316 ASTM A213/269 COD. T1/2-SS-0.066 - ', 15, 234.15),
(1144, 'TUBING Ø 3/8" O.D. x 0.049" x 6m SIN COSTURA SS316/SS316L PRESION DE TRABAJO 480', 15, 194.64),
(1145, 'TUBING Ø1" x  5000 PSI S/C', 25, 94.00),
(1146, 'TUBING Ø1/4"OD x 0.035" T1/4 x 0.035-SS-DXTB ESPESOR DE PARED - 5200 PSI', 15, 132.30),
(1147, 'TUBING Ø3/4"OD x 5000 PSI x 6m', 15, 213.78),
(1148, 'TUBING Ø3/8"OD x 0.035" ESPESOR DE PARED TB-DEX-3/8-0.035', 25, 31.27),
(1149, 'TUBO 1 1/2" C/R AGUA PAVCO', 16, 7.63),
(1150, 'TUBO 1/2" C/R AGUA NICOL', 16, 13.35),
(1151, 'TUBO 2" DESAGUE MATUSITA', 16, 69.92),
(1152, 'TUBO 2" DESAGUE NICOLL', 16, 10.17),
(1153, 'TUBO 3/4" SEL LUZ LOGAREX', 16, 2.12),
(1154, 'TUBO 4" DESAGUE MATUSITA', 16, 18.64),
(1155, 'TUBO CON SOMBRERO Ø 1"x 20cm ', 16, 93.33),
(1156, 'TUBO CPVC 1/2"', 16, 15.68),
(1157, 'TUBO CUADRADO ELECT. 1 x 0.9 x 6 MT.', 16, 11.78),
(1158, 'TUBO CUADRADO ELECT. 1 x 1.2 x 6 MT.', 16, 15.42),
(1159, 'TUBO CUADRADO ELECT. 3/4 x 0.9 x 6 MT.', 16, 7.73),
(1160, 'TUBO CUADRADO ELECT. 3/4 x 1.2 x 6 MT.', 16, 21.90),
(1161, 'TUBO CUADRADO ELECT. 3/4 x 1.5 x 6 MT.', 16, 12.80),
(1162, 'TUBO CUADRADO ELECT. 7/8 x 0.9 x 6 MT.', 16, 10.34),
(1163, 'TUBO CUADRADO ESTRUCTURAL ASTM A-36 3" x 1/8" x 6m', 15, 104.00),
(1164, 'TUBO CUADRADO GALV. 1 1/2" x 2.00mm x 6m', 15, 53.53),
(1165, 'TUBO CUADRADO GALV. 1" x 2.00mm x 6m', 15, 22.88),
(1166, 'TUBO CUADRADO LAC 1 1/2" x 2.50mm x 6m', 15, 46.61),
(1167, 'TUBO CUADRADO LAC 1 1/2" x 3.00mm x 6m', 15, 45.42),
(1168, 'TUBO CUADRADO LAC 1 1/4" x 1.5 x 6m', 15, 22.20),
(1169, 'TUBO CUADRADO LAC 1" x 1" x 1.5mm x 6m', 15, 18.80),
(1170, 'TUBO CUADRADO LAC 1" x 1" x 2.5mm x 20''', 15, 31.93),
(1171, 'TUBO CUADRADO LAC 6" x 4.5 x 6 MTS', 16, 326.27),
(1172, 'TUBO CUADRADO LAC GALVANIZADO 1 1/2 x 1.S x 6 MTS', 15, 32.21),
(1173, 'TUBO CUADRADO LAC GALVANIZADO 1 1/4 x 1.8 x 6 MTS', 15, 27.88),
(1174, 'TUBO CUADRADO LAC GALVANIZADO 1 1/4 x 1.S x 6 MTS', 15, 22.80),
(1175, 'TUBO CUADRADO LAC GALVANIZADO 1 x 1.5 x 6 MTS', 15, 20.34),
(1176, 'TUBO CUADRADO LAC GALVANIZADO 1 x 2.0 x 6 MTS', 15, 25.42),
(1177, 'TUBO CUADRADO LAC GALVANIZADO 2 x 2.0 x 6 MTS', 15, 48.67),
(1178, 'TUBO CUADRADO NEGRO 1 1/2 x 1.5 x 6 MTS', 15, 24.91),
(1179, 'TUBO CUADRADO NEGRO 1 1/2 x 1.8 x 6 MTS', 15, 24.36),
(1180, 'TUBO CUADRADO NEGRO 1 1/2 x 2.0 x 6 MTS', 15, 31.48),
(1181, 'TUBO CUADRADO NEGRO 1 1/4 x 1.5 x 6 MTS', 15, 11.23),
(1182, 'TUBO CUADRADO NEGRO 1 1/4 x 1.8 x 6 MTS', 15, 24.48),
(1183, 'TUBO CUADRADO NEGRO 1 1/4 x 2.0 x 6 MTS', 15, 26.60),
(1184, 'TUBO CUADRADO NEGRO 1 x 1.5 x 6 MTS', 15, 17.19),
(1185, 'TUBO CUADRADO NEGRO 1 x 1.8 x 6 MTS', 15, 14.09),
(1186, 'TUBO CUADRADO NEGRO 1 x 2.0 x 6 MTS', 15, 16.06),
(1187, 'TUBO CUADRADO NEGRO 2 x 1.5 x 6 MTS', 15, 32.92),
(1188, 'TUBO CUADRADO NEGRO 2 x 1.8 x 6 MTS', 15, 36.21),
(1189, 'TUBO CUADRADO NEGRO 2 x 2.0 x 6 MTS', 15, 69.15),
(1190, 'TUBO CUADRADO NEGRO 2" x 2mm x 6m', 15, 56.78),
(1191, 'TUBO CUADRADO NEGRO 3 x 1.8 x 6 MTS', 15, 62.29),
(1192, 'TUBO CUADRADO NEGRO 3 x 2.0 x 6 MTS', 15, 64.24),
(1193, 'TUBO CUADRADO NEGRO 4 x 2.0 x 6 MTS', 15, 88.40),
(1194, 'TUBO DE 1" INOX C-304 ', 16, 18.67),
(1195, 'TUBO DE 3/4 x 1.8mm x 6.4mt.', 16, 21.19),
(1196, 'TUBO DE 4" - NICOLL ', 16, 19.49),
(1197, 'TUBO DE ABASTO ALUM Ø 7/8" x 1/2" x 35cm PARA INODORO', 15, 10.17),
(1198, 'TUBO DE ACERO LAC CUADRADO 75 x  2.00 x 6 MTS', 16, 67.02),
(1199, 'TUBO DE SILICONA NEGRA', 15, 9.90),
(1200, 'TUBO DESAGUE 2"', 16, 9.32),
(1201, 'TUBO ELECT RED 1" x 1.5" x 6m', 15, 15.73),
(1202, 'TUBO ELECTROSOLDADO CUADRADO  1 x 1.2mm x 6m', 15, 14.62),
(1203, 'TUBO ELECTROSOLDADO CUADRADO  3/4" x 1.2mm x 6m', 15, 10.63),
(1204, 'TUBO ELECTROSOLDADO CUADRADO  3/4" x 1.5mm x 6m', 15, 12.65),
(1205, 'TUBO ELECTROSOLDADO REDONDO 1 x 1.5 x 6 MTS', 15, 13.73),
(1206, 'TUBO ELECTROSOLDADO REDONDO 7/8 x 0.9 x 6 MTS', 15, 7.55),
(1207, 'TUBO ELECTROSOLDADO REDONDO 7/8 x 1.2 x 6 MTS', 15, 9.66),
(1208, 'TUBO ESTRUCTURAL CUADRADO LAC 1 1/2" x 1 1/2" x 2.0mm x 6m', 15, 46.61),
(1209, 'TUBO ESTRUCTURAL CUADRADO LAC 1 1/4" x 1.8mm x  6 MTS', 16, 23.73),
(1210, 'TUBO ESTRUCTURAL CUADRADO LAC 1 1/4" x 2.0mm x  6m', 15, 32.20),
(1211, 'TUBO ESTRUCTURAL CUADRADO LAC 1.1/2" x 1.80mm x  6 MTS', 16, 28.98),
(1212, 'TUBO ESTRUCTURAL CUADRADO LAC 1.1/2" x 3.0mm x  6m', 16, 44.89),
(1213, 'TUBO ESTRUCTURAL CUADRADO LAC 2" x 2" x 1.5mm x 6m', 15, 43.22),
(1214, 'TUBO ESTRUCTURAL CUADRADO LAC 2" x 2" x 1.8mm x 6m', 15, 50.00),
(1215, 'TUBO ESTRUCTURAL CUADRADO LAC 2" x 2" x 2.0mm x 6m', 16, 55.08),
(1216, 'TUBO ESTRUCTURAL CUADRADO LAC 2" x 2" x 20mm x 6m', 16, 57.63),
(1217, 'TUBO ESTRUCTURAL CUADRADO LAC 2" x 2.0mm x 6m', 15, 55.94),
(1218, 'TUBO ESTRUCTURAL CUADRADO LAC 4" x 4" x 2.0mm x 6m', 15, 127.12),
(1219, 'TUBO ESTRUCTURAL CUADRADO LAC 4" x 4" x 4.0mm x 6m', 16, 193.20),
(1220, 'TUBO ESTRUCTURAL CUADRADO LAC 4" x 4" x 4.5mm x 6m', 15, 183.96),
(1221, 'TUBO ESTRUCTURAL RECTANGULAR LAC  1" X 2 X 1.5 X 6 MTS', 16, 26.70),
(1222, 'TUBO ESTRUCTURAL RECTANGULAR LAC  2" x 1" x 2.0mm x 6m', 15, 34.88),
(1223, 'TUBO ESTRUCTURAL RECTANGULAR LAC  4" x 2" x 2.0mm x 6m', 15, 93.22),
(1224, 'TUBO ESTRUCTURAL RECTANGULAR LAC 1" x 2 x 1.5mm  x 6mt', 16, 33.90),
(1225, 'TUBO INOX C-30 Ø 1"  SOLDADO, RECTIFICADO ', 16, 280.00),
(1226, 'TUBO LUZ Ø 1 1/2" x 3 MT K PLAST', 15, 7.46),
(1227, 'TUBO NEGRO CUADRADO 3" 75 x 2.0mm x 6mt', 16, 66.95),
(1228, 'TUBO NEGRO CUADRADO 3" 75 x 3.0mm x 6mt', 16, 109.49),
(1229, 'TUBO NEGRO ESTRUCTURAL ASTM A-36 4" x 6.40mt', 16, 139.72),
(1230, 'TUBO NEGRO REC. 1" 2 x 2.5mm x 6mt', 16, 41.53),
(1231, 'TUBO Ø 1 1/2" SAP LUZ KOPLAST', 15, 13.56),
(1232, 'TUBO Ø 1" OD x 0.109" DE PARED, SS 316 - SANDVIK', 25, 205.97),
(1233, 'TUBO Ø 1" SAP LUZ KOPLAST', 15, 6.78),
(1234, 'TUBO Ø 1" x 3m LUZ - SAP', 15, 8.47),
(1235, 'TUBO Ø 3/4" OD x 0.083" DE PARED, S/C SS 316 - SANDVIK', 25, 127.86),
(1236, 'TUBO Ø 3/4" x 3m LUZ - SAP', 15, 1.98),
(1237, 'TUBO PVC 1" C/R', 16, 9.32),
(1238, 'TUBO PVC 1/2"', 16, 11.44),
(1239, 'TUBO PVC 2" ', 16, 17.37),
(1240, 'TUBO PVC C/ROSCA Ø 1/2" x 3m', 15, 13.56),
(1241, 'TUBO PVC Ø 2" x 3m DESAGUE - PAVCO', 15, 10.17),
(1242, 'TUBO PVC Ø 4"x 3.5m PARA DESAGUE ANARANJADO', 16, 59.32),
(1243, 'TUBO RECTANGULAR 2" x 4" x 4.5mm x 6m', 16, 184.92),
(1244, 'TUBO RECTANGULAR ELECT. 2 x 1 x  1.2 x 6 MT.', 16, 25.00),
(1245, 'TUBO RECTANGULAR ESTRUCTURAL ASTM A-36  2" x 1" x 1.5mm x 6.00m', 16, 33.90),
(1246, 'TUBO RECTANGULAR ESTRUCTURAL ASTM A-36  3" x 2" x 1/8" x 20''', 16, 75.18),
(1247, 'TUBO RECTANGULAR LAC 150 x 100 x 3.0 x 6.0', 16, 138.86),
(1248, 'TUBO RECTANGULAR LAC 40 x 60 x 1.8 x 6 mt', 16, 47.09),
(1249, 'TUBO RECTANGULAR LAC 40 x 80 x 1.8 x 6 mt', 16, 48.18),
(1250, 'TUBO RECTANGULAR LAC 50 x 100 x 3.0 x 6.0', 16, 92.31),
(1251, 'TUBO RECTANGULAR NEGRO 2 x 1 x 1.8 x 6mt. ', 16, 30.43),
(1252, 'TUBO RECTANGULAR NEGRO 4 x 2 x 2.0 x 6mt. ', 16, 64.23),
(1253, 'TUBO RECTANGULAR NEGRO 40 x 60 x 1.8 x 6mt. ', 16, 22.67),
(1254, 'TUBO RECTANGULAR NEGRO 40 x 60 x 2.0 x 6mt. ', 16, 41.33),
(1255, 'TUBO RECTANGULAR NEGRO 40 x 80 x 1.8 x 6mt. ', 16, 53.90),
(1256, 'TUBO RECTANGULAR NEGRO 40 x 80 x 2.0 x 6mt. ', 16, 53.14),
(1257, 'TUBO REDONDO ELECT. 1 1/2 x 1.2 x 6 MT', 15, 35.17),
(1258, 'TUBO REDONDO ELECT. 1 x 1.2 x 6 MT', 15, 17.37),
(1259, 'TUBO REDONDO ELECT. 1 x 1.5 x 6 MT', 15, 64.83),
(1260, 'TUBO REDONDO ELECT. 2 x 1.5 x 6 MT', 15, 106.48),
(1261, 'TUBO REDONDO ELECT. 7/8 x 1.2 x 6MT.', 15, 16.27),
(1262, 'TUBO REDONDO ESTRUCTURAL ASTM A-36 Ø 1 1/2" x 2.00 mm x 6.00m', 16, 46.61),
(1263, 'TUBO REDONDO ESTRUCTURAL ASTM A-36 Ø 3/4" x 2.00 mm x 6.00m', 16, 23.73),
(1264, 'TUBO REDONDO GALVANIZADO 1 1/2" x 2.0mm x 6.40m', 15, 21.65),
(1265, 'TUBO REDONDO GALVANIZADO 1 1/4" x 2.0mm x 6.40m', 15, 36.95),
(1266, 'TUBO REDONDO GALVANIZADO 1 1/4" x 2.5mm x 6.40m', 15, 48.18),
(1267, 'TUBO REDONDO GALVANIZADO 1 x 2.0mm x 6.40m', 15, 27.03),
(1268, 'TUBO REDONDO GALVANIZADO 1 x 2.5mm x 6.40m', 15, 62.20),
(1269, 'TUBO REDONDO GALVANIZADO 1/2" x 2.0mm x 6.40m', 15, 16.79),
(1270, 'TUBO REDONDO GALVANIZADO 2 x 2.0mm x 6.40m', 15, 47.68),
(1271, 'TUBO REDONDO GALVANIZADO 2" x 2.9mm x 6.40m', 15, 74.07),
(1272, 'TUBO REDONDO GALVANIZADO Ø 1 1/2" x 2.0mm x 6.4m', 15, 42.63),
(1273, 'TUBO REDONDO LAC 1 1/2" X 1.8  X 6 mt ', 16, 24.15),
(1274, 'TUBO REDONDO LAC 1 1/2" X 1.8  X 6.4 mt ', 16, 62.71),
(1275, 'TUBO REDONDO LAC 1 1/4" x 1.8 x 6m', 16, 30.52),
(1276, 'TUBO REDONDO LAC 1" x 1.8 x 6 m', 15, 21.66),
(1277, 'TUBO REDONDO LAC 1" x 2.65 x 6.40m', 16, 31.61),
(1278, 'TUBO REDONDO LAC 1/2" x 1.8 mm x 6.4 m', 16, 30.85),
(1279, 'TUBO REDONDO LAC 1/2" x 1.8 x 6 m.', 16, 12.61),
(1280, 'TUBO REDONDO LAC 2 1/2" x 2.00mm x 6.4m', 16, 52.97),
(1281, 'TUBO REDONDO LAC 3/4" x 1.8 x 6.0mt.', 16, 17.43),
(1282, 'TUBO REDONDO LAC Ø 1" x 2.5 mm x 6.4m', 16, 29.80),
(1283, 'TUBO REDONDO LISO 3/8" x 6m', 15, 8.71),
(1284, 'TUBO REDONDO NEGRO 1 1/2 x 2 mm x 6 MTS.', 16, 39.41),
(1285, 'TUBO REDONDO NEGRO 1/2 x 2 mm x 6 MTS.', 16, 17.12),
(1286, 'TUBO REDONDO NEGRO 3/4 x 2 mm x 6 MTS.', 16, 21.44),
(1287, 'TUBO REDONDO NEGRO ESTRUCTURAL ASTM A-36 Ø3" x 2.0mm x 6m', 15, 84.75),
(1288, 'TUBO SAL D', 16, 17.38),
(1289, 'TUBO SAL DII', 16, 8.48),
(1290, 'TUBO SAL DIII', 16, 2.46),
(1291, 'TUBO SCH-40 A53 - A 106 - API S/C Ø2" x 6mt', 15, 97.46),
(1292, 'TUERCA  AUTOFRENANTE 14 x 1 1/2"', 15, 2.54),
(1293, 'TUERCA  M-8', 15, 0.70),
(1294, 'TUERCA  REDONDA RANURADA AUTOFRENANTE M42 x 1.5 PASO', 15, 12.71),
(1295, 'TUERCA 1 O.D. SS136', 15, 41.71),
(1296, 'TUERCA 1/2"', 15, 0.68),
(1297, 'TUERCA 3/8 O.D. SS316', 15, 8.03),
(1298, 'TUERCA C/ NAYLON 1/2 INOX', 15, 1.06),
(1299, 'TUERCA ESTRUCTURAL GALVANIZADO F-436 Ø 1"', 15, 3.22),
(1300, 'TUERCA ESTRUCTURAL GALVANIZADO F-436 Ø 3/4"', 15, 1.44),
(1301, 'TUERCA FLANGE C/REBORDE ASERRADO UNC', 15, 0.13),
(1302, 'TUERCA FLANGE CL.5.8 M-12 ZINCADO', 15, 0.39),
(1303, 'TUERCA FLANGE G-5.8 UNF - ZINCADO', 15, 0.39),
(1304, 'TUERCA FLANGE G-8.8 UNC M10', 15, 0.39),
(1305, 'TUERCA FLANGE G-8.8 UNF DE M12 - ZINCADO', 15, 0.43),
(1306, 'TUERCA FLANGE ZINCADO Ø1/2" G°8.8 M-12', 15, 0.36),
(1307, 'TUERCA HEX  C/NYLON G-2 UNF 5/8 ZINCADO', 15, 0.39),
(1308, 'TUERCA HEX 5/8" ESTRUCTURAL 2H', 15, 0.49),
(1309, 'TUERCA HEX Ø 3/8" ZINCADO', 15, 0.06),
(1310, 'TUERCA HEX UNC Ø 1/2" G°5 ZINCADO', 15, 0.16),
(1311, 'TUERCA HEX. 2H 1" ', 15, 1.85),
(1312, 'TUERCA HEXAGONAL 2H 7/8" ', 15, 1.27),
(1313, 'TUERCA HEXAGONAL AUTOFRENANTE O NYLON C-304 UNC Ø 1/2"', 15, 1.06),
(1314, 'TUERCA HEXAGONAL C-304 UNC Ø 1/2"', 15, 0.35),
(1315, 'TUERCA HEXAGONAL M10 TROPICALIZADA', 15, 0.17),
(1316, 'TUERCA HEXAGONAL Ø 1/4"OD 761L-SS', 15, 8.66),
(1317, 'TUERCA HEXAGONAL Ø 3/4"OD 761L-SS', 15, 30.88),
(1318, 'TUERCA HEXAGONAL Ø 3/8"OD 761L-SS', 15, 12.03),
(1319, 'TUERCA HEXAGONAL UNF Ø 5/8" INOX 304', 15, 2.03),
(1320, 'TUERCA M10 X 1.50', 24, 0.50),
(1321, 'TUERCA M12 X 1.75', 24, 1.00),
(1322, 'TUERCA M16 ', 16, 0.53),
(1323, 'TUERCA M16 NAYLON ', 15, 0.59),
(1324, 'TUERCA M8', 15, 0.68),
(1325, 'TUERCA NAYLON 1/2 INOX', 15, 1.06),
(1326, 'TUERCA UNF 3/8"', 16, 1.70),
(1327, 'TUERCA Y FERRUL 20mm O.D. SS316', 15, 14.54),
(1328, 'TUERCA Y FERRUL SETS DE 3/4 O.D. SS316', 15, 38.97),
(1329, 'TUNGSTENO 3/32"', 16, 5.08),
(1330, 'ULTRAMASTIC 850 HSHB RAL 7040', 18, 83.31),
(1331, 'ULTRAMASTIC 850 HSHB RAL 9003', 18, 83.08),
(1332, 'UNICAZ ULTRAMASTIC 850 HSHB ', 18, 83.13),
(1333, 'UNIDIL 1500 - PERU PAINT', 18, 36.59),
(1334, 'UNIFAST 102 BLANCO C/CATALIZADOR 0520717', 18, 25.00),
(1335, 'UNION', 16, 0.25),
(1336, 'UNION  1/2" CPVC', 16, 1.25),
(1337, 'UNION  5/8"', 16, 1.53),
(1338, 'UNION 20MMOD, SS 316', 15, 236.52),
(1339, 'UNION BRONCE M6', 15, 10.17),
(1340, 'UNION BRONCE M8', 15, 12.71),
(1341, 'UNION PVC Ø 2" ', 15, 3.81),
(1342, 'UNION SIMPLE 1/2" FºGº', 15, 1.02),
(1343, 'UNION TEE DE 3/4" OD x 3/4"OD SS-316 - PARKER', 15, 280.59),
(1344, 'UNION TEE Ø 3/4" O.D. SS316 - HAM LET', 15, 226.40),
(1345, 'UNION UNIVERSAL 1" PVC C/ROSCA', 16, 2.63),
(1346, 'UNIVERSAL 1 1/2" PVC', 16, 11.44),
(1347, 'VALVULA  DE ALIVIO 1"NPTM x 1"NPTH, SETEO 4351 PSI 5000', 15, 1904.37),
(1348, 'VALVULA  DE RELAY DE CARRETA  (AMERICANO)', 16, 228.81),
(1349, 'VALVULA BLOQUEO 1/2" x 5000PSI', 16, 120.00),
(1350, 'VALVULA BOLA 1" INOX. 50N', 15, 18.70),
(1351, 'VALVULA BOLA 3/8"NPTH 6000PSI  BV703-4M6SDDW-1000', 15, 618.38),
(1352, 'VALVULA DE AGUJA ANGULAR DE 1/2" NTP-H DE 5000 PSI, SS316, VAST', 15, 187.36),
(1353, 'VALVULA DE BOLA DE 1" NPTF FULL PORT x 6000PSI, SS316,ORING', 15, 982.18),
(1354, 'VALVULA DE BOLA DE 1/2" NPTF FULL PORT x 6000PSI, SS316,ORING', 15, 425.21),
(1355, 'VALVULA DE BOLA DE 3/4" NPTF FULL PORT x 6000 PSI, SS316, ORING', 15, 156.56),
(1356, 'VALVULA DE CILINDRO 90° x Ø 3/4" NGTM x Ø1/4" NPT, IDRA VT COD OMB697GNLD - OMB', 15, 105.43),
(1357, 'VALVULA DE CILINDRO Ø 3/4" NGT x Ø 1/4" NPTF - EMER', 15, 133.19),
(1358, 'VALVULA DE DESTELLO POR TEMPERATURA Y PRESION 1" NTP MIXTO ', 16, 636.55),
(1359, 'VALVULA DESFOGUE', 15, 33.90),
(1360, 'VALVULA ESFERICA 1" FIVE', 16, 25.34),
(1361, 'VALVULA ESFERICA 3/4', 16, 19.92),
(1362, 'VARILLA CORRUGADA 5.90mm x 9.00mt.', 16, 3.96),
(1363, 'VARILLA CORRUGADA Ø 1/2" x 9m', 16, 19.22),
(1364, 'VARILLA CORRUGADA Ø 1/4" x 9m', 16, 6.36),
(1365, 'VARILLA CORRUGADA Ø 3/8" x 9m', 16, 10.79),
(1366, 'VARILLA CORRUGADA Ø 4.70mm x 8.80m', 15, 2.58),
(1367, 'VARILLA CORRUGADA Ø 5/8" x 9 m', 16, 30.43),
(1368, 'VARILLA CORRUGADA Ø 6.00mm x 9m', 15, 4.68),
(1369, 'VARILLA CORRUGADA Ø 8mm x 9m', 16, 7.81),
(1370, 'VARILLA DE FIERRO DE 1 1/2" x 1MT G° 8', 15, 4.24),
(1371, 'VARILLA DE FIERRO DE 1/2" x 6 mts', 15, 20.10),
(1372, 'VARILLA DE FIERRO DE 1/4" x 6m', 15, 5.06),
(1373, 'VARILLA DE FIERRO DE 3/8" x 6 mts', 15, 12.54),
(1374, 'VARILLA LISA 6.00mm x 9.00 mt.', 16, 3.75),
(1375, 'VENTANAS CORREDIZAS CON ALUMINO Y VIDRIO', 16, 118.65),
(1376, 'VIGA "H" TRINORMA 12" x 40 lbs/pie x 40''', 15, 1744.14),
(1377, 'VIGA JIS 100 x 100 6/8 16.9K/M 6M ', 16, 437.19),
(1378, 'WALL SOCKE', 15, 5.36),
(1379, 'WB F/ AIRE', 15, 29.66),
(1380, 'YEE PVC Ø 4" x Ø 4"', 15, 7.63),
(1381, 'YESO CERAMICO ', 13, 2.12),
(1382, 'YESO CERAMICO - CHEMICAL', 13, 1.56);

-- --------------------------------------------------------

--
-- Estructura de tabla para la tabla `ots`
--

CREATE TABLE IF NOT EXISTS `ots` (
  `id_ot` int(11) NOT NULL AUTO_INCREMENT,
  `no_ot` int(10) NOT NULL,
  `id_proceso` int(11) NOT NULL,
  `referencia` varchar(40) NOT NULL,
  `fecha` date NOT NULL,
  `id_taller` int(10) NOT NULL,
  `id_cliente` int(10) NOT NULL,
  `descripcion` varchar(200) NOT NULL,
  `inicio` date NOT NULL,
  `fin` date NOT NULL,
  `valor` float(10,2) NOT NULL,
  `avance` int(3) NOT NULL,
  `estado` int(11) NOT NULL,
  `motivo` varchar(80) NOT NULL,
  `observ` varchar(80) NOT NULL,
  PRIMARY KEY (`id_ot`)
) ENGINE=MyISAM  DEFAULT CHARSET=latin1 AUTO_INCREMENT=42 ;

--
-- Volcado de datos para la tabla `ots`
--

INSERT INTO `ots` (`id_ot`, `no_ot`, `id_proceso`, `referencia`, `fecha`, `id_taller`, `id_cliente`, `descripcion`, `inicio`, `fin`, `valor`, `avance`, `estado`, `motivo`, `observ`) VALUES
(41, 8, 13, 'OT PRUEBA', '2017-10-11', 1, 2526, 'ESTO ES UNA PRUEBA', '2017-10-11', '0000-00-00', 1500.00, 0, 4, 'Prueba de sistema', ''),
(40, 7, 13, 'MAQUINADO EN TORNO', '2017-10-11', 1, 2499, 'MAQUINADO DE EJE DE 1 1/2', '2017-10-11', '2017-10-13', 250.00, 0, 1, '', ''),
(38, 5, 13, 'F/.2356', '2017-10-09', 1, 2499, 'OT DE PRUEBA', '2017-10-09', '0000-00-00', 2500.00, 0, 4, 'Prueba del sistema', '');

-- --------------------------------------------------------

--
-- Estructura de tabla para la tabla `personal`
--

CREATE TABLE IF NOT EXISTS `personal` (
  `id_personal` int(11) NOT NULL AUTO_INCREMENT,
  `dni` varchar(8) NOT NULL,
  `nombres` varchar(40) NOT NULL,
  `apellidos` varchar(40) NOT NULL,
  `direccion` varchar(80) NOT NULL,
  `dpto` varchar(2) NOT NULL,
  `prv` varchar(2) NOT NULL,
  `dis` varchar(2) NOT NULL,
  `referencia` text NOT NULL,
  `id_cargo` int(11) NOT NULL,
  `celular1` varchar(9) NOT NULL,
  `celular2` varchar(9) NOT NULL,
  `tel1` varchar(10) NOT NULL,
  `correo` varchar(40) NOT NULL,
  `estado` varchar(1) NOT NULL,
  PRIMARY KEY (`id_personal`),
  KEY `cod_vendedor` (`id_personal`)
) ENGINE=MyISAM  DEFAULT CHARSET=utf8 AUTO_INCREMENT=16 ;

--
-- Volcado de datos para la tabla `personal`
--

INSERT INTO `personal` (`id_personal`, `dni`, `nombres`, `apellidos`, `direccion`, `dpto`, `prv`, `dis`, `referencia`, `id_cargo`, `celular1`, `celular2`, `tel1`, `correo`, `estado`) VALUES
(15, '41343403', 'EDUARDO MARIO', 'PORTAL ESPINOZA', 'BARRIO CHAMPAMARCA CALLE OLIMPICO 85', '19', '01', '01', '', 40, '', '', '', '', 'A'),
(14, '45047284', 'JHON PAZCULE', 'PALMA PINTO', 'BQ TAHUANTISUYO 07 IN 03 PP.JJ TAHUANTINSUYO', '19', '01', '01', '', 40, '', '', '', '', 'A'),
(12, '46796537', 'DALEMBERT RODRIGO', 'SOTO DIONICIO', 'VENECIA 200 URB. ITALIA', '12', '01', '14', '', 38, '', '', '', '', 'A'),
(11, '04086340', 'HECTOR ARTURO', 'JURADO GAVINO', 'ASOC. EL PORTILLO 1 ETAPA MZ. G LT. 17', '15', '01', '18', '', 37, '940354704', '', '', '', 'A'),
(13, '41931772', 'SANTIAGO WILLY', 'CARHUARICRA ARIAS', 'CALLE CERRO DE PASCO S/N', '19', '01', '11', '', 40, '', '', '', '', 'A');

-- --------------------------------------------------------

--
-- Estructura de tabla para la tabla `precio_xtiphora`
--

CREATE TABLE IF NOT EXISTS `precio_xtiphora` (
  `id` int(11) NOT NULL AUTO_INCREMENT,
  `id_cargo` int(10) NOT NULL,
  `id_tipo_hora` int(10) NOT NULL,
  `precio` float(8,2) NOT NULL,
  PRIMARY KEY (`id`)
) ENGINE=MyISAM  DEFAULT CHARSET=latin1 AUTO_INCREMENT=82 ;

--
-- Volcado de datos para la tabla `precio_xtiphora`
--

INSERT INTO `precio_xtiphora` (`id`, `id_cargo`, `id_tipo_hora`, `precio`) VALUES
(81, 42, 4, 0.00),
(80, 42, 3, 0.00),
(79, 42, 1, 0.00),
(78, 41, 4, 0.00),
(77, 41, 3, 0.00),
(76, 41, 1, 0.00),
(75, 40, 4, 20.09),
(74, 40, 3, 17.08),
(73, 40, 1, 17.08),
(72, 39, 4, 23.90),
(71, 39, 3, 19.39),
(70, 39, 1, 19.39),
(69, 38, 4, 27.70),
(68, 38, 3, 21.70),
(67, 38, 1, 21.70),
(66, 37, 4, 31.50),
(65, 37, 3, 24.00),
(64, 37, 1, 24.00),
(40, 29, 1, 8.00),
(41, 29, 3, 7.00),
(42, 29, 4, 14.00),
(43, 30, 1, 20.00),
(44, 30, 3, 9.00),
(45, 30, 4, 16.00),
(46, 31, 1, 12.00),
(47, 31, 3, 10.00),
(48, 31, 4, 11.00),
(57, 34, 4, 12.00),
(56, 34, 3, 12.00),
(55, 34, 1, 12.00),
(52, 33, 1, 10.00),
(53, 33, 3, 10.00),
(54, 33, 4, 9.50),
(58, 35, 1, 30.00),
(59, 35, 3, 30.00),
(60, 35, 4, 15.50),
(61, 36, 1, 10.00),
(62, 36, 3, 10.00),
(63, 36, 4, 15.00);

-- --------------------------------------------------------

--
-- Estructura de tabla para la tabla `procesos`
--

CREATE TABLE IF NOT EXISTS `procesos` (
  `id_proceso` int(11) NOT NULL AUTO_INCREMENT,
  `ano` int(4) NOT NULL,
  `mes` int(2) NOT NULL,
  `descrip` varchar(60) NOT NULL,
  `gastos` float(8,2) NOT NULL,
  `utilidad` float(8,2) NOT NULL,
  `igv` float(8,2) NOT NULL,
  PRIMARY KEY (`id_proceso`)
) ENGINE=MyISAM  DEFAULT CHARSET=latin1 AUTO_INCREMENT=14 ;

--
-- Volcado de datos para la tabla `procesos`
--

INSERT INTO `procesos` (`id_proceso`, `ano`, `mes`, `descrip`, `gastos`, `utilidad`, `igv`) VALUES
(1, 2017, 6, 'Junio 2017', 0.11, 0.11, 0.18),
(4, 2017, 7, 'Julio 2017', 0.05, 0.10, 0.18),
(5, 2017, 8, 'Agosto 2017', 0.05, 0.06, 0.18),
(6, 2017, 9, 'Septiembre 2017', 0.05, 0.08, 0.18),
(7, 2017, 5, 'Mayo 2017', 0.10, 0.10, 0.18),
(8, 2017, 4, 'Abril 2017', 0.10, 0.10, 0.18),
(9, 2017, 3, 'Marzo 2017', 0.10, 0.10, 0.18),
(10, 2017, 2, 'Febrero 2017', 0.10, 0.10, 0.18),
(11, 2017, 1, 'Enero 2017', 0.10, 0.10, 0.18),
(13, 2017, 10, 'Octubre 2017', 0.10, 0.10, 0.18);

-- --------------------------------------------------------

--
-- Estructura de tabla para la tabla `reg_mat`
--

CREATE TABLE IF NOT EXISTS `reg_mat` (
  `id` int(11) NOT NULL AUTO_INCREMENT,
  `fecha` date NOT NULL,
  `id_ot` int(11) NOT NULL,
  `no_ot` int(11) NOT NULL,
  `id_personal` int(11) NOT NULL,
  `cargo` varchar(120) NOT NULL,
  `id_material` int(11) NOT NULL,
  `cantidad` int(11) NOT NULL,
  `precio` float(10,2) NOT NULL,
  `marcado` varchar(1) NOT NULL,
  PRIMARY KEY (`id`)
) ENGINE=MyISAM  DEFAULT CHARSET=latin1 AUTO_INCREMENT=75 ;

-- --------------------------------------------------------

--
-- Estructura de tabla para la tabla `reg_oc`
--

CREATE TABLE IF NOT EXISTS `reg_oc` (
  `id` int(11) NOT NULL AUTO_INCREMENT,
  `id_ot` int(11) NOT NULL,
  `no_ot` int(11) NOT NULL,
  `fecha` date NOT NULL,
  `id_personal` int(11) NOT NULL,
  `detalle` varchar(120) NOT NULL,
  `total` float(12,2) NOT NULL,
  `marcado` varchar(1) NOT NULL,
  PRIMARY KEY (`id`)
) ENGINE=MyISAM  DEFAULT CHARSET=latin1 AUTO_INCREMENT=11 ;

-- --------------------------------------------------------

--
-- Estructura de tabla para la tabla `talleres`
--

CREATE TABLE IF NOT EXISTS `talleres` (
  `id_taller` int(11) NOT NULL AUTO_INCREMENT,
  `taller` varchar(80) NOT NULL,
  PRIMARY KEY (`id_taller`)
) ENGINE=MyISAM  DEFAULT CHARSET=latin1 AUTO_INCREMENT=5 ;

--
-- Volcado de datos para la tabla `talleres`
--

INSERT INTO `talleres` (`id_taller`, `taller`) VALUES
(1, 'Taller Villa Pasco');

-- --------------------------------------------------------

--
-- Estructura de tabla para la tabla `tipos_hora`
--

CREATE TABLE IF NOT EXISTS `tipos_hora` (
  `id_tipo_hora` int(11) NOT NULL AUTO_INCREMENT,
  `tipo_hora` varchar(40) NOT NULL,
  `simbolo` varchar(10) NOT NULL,
  PRIMARY KEY (`id_tipo_hora`)
) ENGINE=MyISAM  DEFAULT CHARSET=latin1 AUTO_INCREMENT=6 ;

--
-- Volcado de datos para la tabla `tipos_hora`
--

INSERT INTO `tipos_hora` (`id_tipo_hora`, `tipo_hora`, `simbolo`) VALUES
(1, 'Hora Normal', 'N'),
(3, 'Horas Extra', 'E'),
(4, 'Hora Doble', 'D');

-- --------------------------------------------------------

--
-- Estructura de tabla para la tabla `ubigeo`
--

CREATE TABLE IF NOT EXISTS `ubigeo` (
  `ORDEN` int(11) NOT NULL AUTO_INCREMENT,
  `dep` varchar(2) NOT NULL,
  `prov` varchar(2) NOT NULL,
  `dist` varchar(2) NOT NULL,
  `nombre` varchar(40) NOT NULL,
  PRIMARY KEY (`ORDEN`)
) ENGINE=InnoDB  DEFAULT CHARSET=utf8 AUTO_INCREMENT=2111 ;

--
-- Volcado de datos para la tabla `ubigeo`
--

INSERT INTO `ubigeo` (`ORDEN`, `dep`, `prov`, `dist`, `nombre`) VALUES
(1, '01', '00', '00', 'AMAZONAS'),
(2, '01', '01', '00', 'CHACHAPOYAS'),
(3, '01', '01', '01', 'CHACHAPOYAS'),
(4, '01', '01', '02', 'ASUNCION'),
(5, '01', '01', '03', 'BALSAS'),
(6, '01', '01', '04', 'CHETO'),
(7, '01', '01', '05', 'CHILIQUIN'),
(8, '01', '01', '06', 'CHUQUIBAMBA'),
(9, '01', '01', '07', 'GRANADA'),
(10, '01', '01', '08', 'HUANCAS'),
(11, '01', '01', '09', 'LA JALCA'),
(12, '01', '01', '10', 'LEIMEBAMBA'),
(13, '01', '01', '11', 'LEVANTO'),
(14, '01', '01', '12', 'MAGDALENA'),
(15, '01', '01', '13', 'MARISCAL CASTILLA'),
(16, '01', '01', '14', 'MOLINOPAMPA'),
(17, '01', '01', '15', 'MONTEVIDEO'),
(18, '01', '01', '16', 'OLLEROS'),
(19, '01', '01', '17', 'QUINJALCA'),
(20, '01', '01', '18', 'SAN FRANCISCO DE DAGUAS'),
(21, '01', '01', '19', 'SAN ISIDRO DE MAINO'),
(22, '01', '01', '20', 'SOLOCO'),
(23, '01', '01', '21', 'SONCHE'),
(24, '01', '02', '00', 'BAGUA'),
(25, '01', '02', '01', 'BAGUA'),
(26, '01', '02', '02', 'ARAMANGO'),
(27, '01', '02', '03', 'COPALLIN'),
(28, '01', '02', '04', 'EL PARCO'),
(29, '01', '02', '05', 'IMAZA'),
(30, '01', '02', '06', 'LA PECA'),
(31, '01', '03', '00', 'BONGARA'),
(32, '01', '03', '01', 'JUMBILLA'),
(33, '01', '03', '02', 'CHISQUILLA'),
(34, '01', '03', '03', 'CHURUJA'),
(35, '01', '03', '04', 'COROSHA'),
(36, '01', '03', '05', 'CUISPES'),
(37, '01', '03', '06', 'FLORIDA'),
(38, '01', '03', '07', 'JAZAN'),
(39, '01', '03', '08', 'RECTA'),
(40, '01', '03', '09', 'SAN CARLOS'),
(41, '01', '03', '10', 'SHIPASBAMBA'),
(42, '01', '03', '11', 'VALERA'),
(43, '01', '03', '12', 'YAMBRASBAMBA'),
(44, '01', '04', '00', 'CONDORCANQUI'),
(45, '01', '04', '01', 'NIEVA'),
(46, '01', '04', '02', 'EL CENEPA'),
(47, '01', '04', '03', 'RIO SANTIAGO'),
(48, '01', '05', '00', 'LUYA'),
(49, '01', '05', '01', 'LAMUD'),
(50, '01', '05', '02', 'CAMPORREDONDO'),
(51, '01', '05', '03', 'COCABAMBA'),
(52, '01', '05', '04', 'COLCAMAR'),
(53, '01', '05', '05', 'CONILA'),
(54, '01', '05', '06', 'INGUILPATA'),
(55, '01', '05', '07', 'LONGUITA'),
(56, '01', '05', '08', 'LONYA CHICO'),
(57, '01', '05', '09', 'LUYA'),
(58, '01', '05', '10', 'LUYA VIEJO'),
(59, '01', '05', '11', 'MARIA'),
(60, '01', '05', '12', 'OCALLI'),
(61, '01', '05', '13', 'OCUMAL'),
(62, '01', '05', '14', 'PISUQUIA'),
(63, '01', '05', '15', 'PROVIDENCIA'),
(64, '01', '05', '16', 'SAN CRISTOBAL'),
(65, '01', '05', '17', 'SAN FRANCISCO DEL YESO'),
(66, '01', '05', '18', 'SAN JERONIMO'),
(67, '01', '05', '19', 'SAN JUAN DE LOPECANCHA'),
(68, '01', '05', '20', 'SANTA CATALINA'),
(69, '01', '05', '21', 'SANTO TOMAS'),
(70, '01', '05', '22', 'TINGO'),
(71, '01', '05', '23', 'TRITA'),
(72, '01', '06', '00', 'RODRIGUEZ DE MENDOZA'),
(73, '01', '06', '01', 'SAN NICOLAS'),
(74, '01', '06', '02', 'CHIRIMOTO'),
(75, '01', '06', '03', 'COCHAMAL'),
(76, '01', '06', '04', 'HUAMBO'),
(77, '01', '06', '05', 'LIMABAMBA'),
(78, '01', '06', '06', 'LONGAR'),
(79, '01', '06', '07', 'MARISCAL BENAVIDES'),
(80, '01', '06', '08', 'MILPUC'),
(81, '01', '06', '09', 'OMIA'),
(82, '01', '06', '10', 'SANTA ROSA'),
(83, '01', '06', '11', 'TOTORA'),
(84, '01', '06', '12', 'VISTA ALEGRE'),
(85, '01', '07', '00', 'UTCUBAMBA'),
(86, '01', '07', '01', 'BAGUA GRANDE'),
(87, '01', '07', '02', 'CAJARURO'),
(88, '01', '07', '03', 'CUMBA'),
(89, '01', '07', '04', 'EL MILAGRO'),
(90, '01', '07', '05', 'JAMALCA'),
(91, '01', '07', '06', 'LONYA GRANDE'),
(92, '01', '07', '07', 'YAMON'),
(93, '02', '00', '00', 'ANCASH'),
(94, '02', '01', '00', 'HUARAZ'),
(95, '02', '01', '01', 'HUARAZ'),
(96, '02', '01', '02', 'COCHABAMBA'),
(97, '02', '01', '03', 'COLCABAMBA'),
(98, '02', '01', '04', 'HUANCHAY'),
(99, '02', '01', '05', 'INDEPENDENCIA'),
(100, '02', '01', '06', 'JANGAS'),
(101, '02', '01', '07', 'LA LIBERTAD'),
(102, '02', '01', '08', 'OLLEROS'),
(103, '02', '01', '09', 'PAMPAS'),
(104, '02', '01', '10', 'PARIACOTO'),
(105, '02', '01', '11', 'PIRA'),
(106, '02', '01', '12', 'TARICA'),
(107, '02', '02', '00', 'AIJA'),
(108, '02', '02', '01', 'AIJA'),
(109, '02', '02', '02', 'CORIS'),
(110, '02', '02', '03', 'HUACLLAN'),
(111, '02', '02', '04', 'LA MERCED'),
(112, '02', '02', '05', 'SUCCHA'),
(113, '02', '03', '00', 'ANTONIO RAYMONDI'),
(114, '02', '03', '01', 'LLAMELLIN'),
(115, '02', '03', '02', 'ACZO'),
(116, '02', '03', '03', 'CHACCHO'),
(117, '02', '03', '04', 'CHINGAS'),
(118, '02', '03', '05', 'MIRGAS'),
(119, '02', '03', '06', 'SAN JUAN DE RONTOY'),
(120, '02', '04', '00', 'ASUNCION'),
(121, '02', '04', '01', 'CHACAS'),
(122, '02', '04', '02', 'ACOCHACA'),
(123, '02', '05', '00', 'BOLOGNESI'),
(124, '02', '05', '01', 'CHIQUIAN'),
(125, '02', '05', '02', 'ABELARDO PARDO LEZAMETA'),
(126, '02', '05', '03', 'ANTONIO RAYMONDI'),
(127, '02', '05', '04', 'AQUIA'),
(128, '02', '05', '05', 'CAJACAY'),
(129, '02', '05', '06', 'CANIS'),
(130, '02', '05', '07', 'COLQUIOC'),
(131, '02', '05', '08', 'HUALLANCA'),
(132, '02', '05', '09', 'HUASTA'),
(133, '02', '05', '10', 'HUAYLLACAYAN'),
(134, '02', '05', '11', 'LA PRIMAVERA'),
(135, '02', '05', '12', 'MANGAS'),
(136, '02', '05', '13', 'PACLLON'),
(137, '02', '05', '14', 'SAN MIGUEL DE CORPANQUI'),
(138, '02', '05', '15', 'TICLLOS'),
(139, '02', '06', '00', 'CARHUAZ'),
(140, '02', '06', '01', 'CARHUAZ'),
(141, '02', '06', '02', 'ACOPAMPA'),
(142, '02', '06', '03', 'AMASHCA'),
(143, '02', '06', '04', 'ANTA'),
(144, '02', '06', '05', 'ATAQUERO'),
(145, '02', '06', '06', 'MARCARA'),
(146, '02', '06', '07', 'PARIAHUANCA'),
(147, '02', '06', '08', 'SAN MIGUEL DE ACO'),
(148, '02', '06', '09', 'SHILLA'),
(149, '02', '06', '10', 'TINCO'),
(150, '02', '06', '11', 'YUNGAR'),
(151, '02', '07', '00', 'CARLOS FERMIN FITZCARRALD'),
(152, '02', '07', '01', 'SAN LUIS'),
(153, '02', '07', '02', 'SAN NICOLAS'),
(154, '02', '07', '03', 'YAUYA'),
(155, '02', '08', '00', 'CASMA'),
(156, '02', '08', '01', 'CASMA'),
(157, '02', '08', '02', 'BUENA VISTA ALTA'),
(158, '02', '08', '03', 'COMANDANTE NOEL'),
(159, '02', '08', '04', 'YAUTAN'),
(160, '02', '09', '00', 'CORONGO'),
(161, '02', '09', '01', 'CORONGO'),
(162, '02', '09', '02', 'ACO'),
(163, '02', '09', '03', 'BAMBAS'),
(164, '02', '09', '04', 'CUSCA'),
(165, '02', '09', '05', 'LA PAMPA'),
(166, '02', '09', '06', 'YANAC'),
(167, '02', '09', '07', 'YUPAN'),
(168, '02', '10', '00', 'HUARI'),
(169, '02', '10', '01', 'HUARI'),
(170, '02', '10', '02', 'ANRA'),
(171, '02', '10', '03', 'CAJAY'),
(172, '02', '10', '04', 'CHAVIN DE HUANTAR'),
(173, '02', '10', '05', 'HUACACHI'),
(174, '02', '10', '06', 'HUACCHIS'),
(175, '02', '10', '07', 'HUACHIS'),
(176, '02', '10', '08', 'HUANTAR'),
(177, '02', '10', '09', 'MASIN'),
(178, '02', '10', '10', 'PAUCAS'),
(179, '02', '10', '11', 'PONTO'),
(180, '02', '10', '12', 'RAHUAPAMPA'),
(181, '02', '10', '13', 'RAPAYAN'),
(182, '02', '10', '14', 'SAN MARCOS'),
(183, '02', '10', '15', 'SAN PEDRO DE CHANA'),
(184, '02', '10', '16', 'UCO'),
(185, '02', '11', '00', 'HUARMEY'),
(186, '02', '11', '01', 'HUARMEY'),
(187, '02', '11', '02', 'COCHAPETI'),
(188, '02', '11', '03', 'CULEBRAS'),
(189, '02', '11', '04', 'HUAYAN'),
(190, '02', '11', '05', 'MALVAS'),
(191, '02', '12', '00', 'HUAYLAS'),
(192, '02', '12', '01', 'CARAZ'),
(193, '02', '12', '02', 'HUALLANCA'),
(194, '02', '12', '03', 'HUATA'),
(195, '02', '12', '04', 'HUAYLAS'),
(196, '02', '12', '05', 'MATO'),
(197, '02', '12', '06', 'PAMPAROMAS'),
(198, '02', '12', '07', 'PUEBLO LIBRE'),
(199, '02', '12', '08', 'SANTA CRUZ'),
(200, '02', '12', '09', 'SANTO TORIBIO'),
(201, '02', '12', '10', 'YURACMARCA'),
(202, '02', '13', '00', 'MARISCAL LUZURIAGA'),
(203, '02', '13', '01', 'PISCOBAMBA'),
(204, '02', '13', '02', 'CASCA'),
(205, '02', '13', '03', 'ELEAZAR GUZMAN BARRON'),
(206, '02', '13', '04', 'FIDEL OLIVAS ESCUDERO'),
(207, '02', '13', '05', 'LLAMA'),
(208, '02', '13', '06', 'LLUMPA'),
(209, '02', '13', '07', 'LUCMA'),
(210, '02', '13', '08', 'MUSGA'),
(211, '02', '14', '00', 'OCROS'),
(212, '02', '14', '01', 'OCROS'),
(213, '02', '14', '02', 'ACAS'),
(214, '02', '14', '03', 'CAJAMARQUILLA'),
(215, '02', '14', '04', 'CARHUAPAMPA'),
(216, '02', '14', '05', 'COCHAS'),
(217, '02', '14', '06', 'CONGAS'),
(218, '02', '14', '07', 'LLIPA'),
(219, '02', '14', '08', 'SAN CRISTOBAL DE RAJAN'),
(220, '02', '14', '09', 'SAN PEDRO'),
(221, '02', '14', '10', 'SANTIAGO DE CHILCAS'),
(222, '02', '15', '00', 'PALLASCA'),
(223, '02', '15', '01', 'CABANA'),
(224, '02', '15', '02', 'BOLOGNESI'),
(225, '02', '15', '03', 'CONCHUCOS'),
(226, '02', '15', '04', 'HUACASCHUQUE'),
(227, '02', '15', '05', 'HUANDOVAL'),
(228, '02', '15', '06', 'LACABAMBA'),
(229, '02', '15', '07', 'LLAPO'),
(230, '02', '15', '08', 'PALLASCA'),
(231, '02', '15', '09', 'PAMPAS'),
(232, '02', '15', '10', 'SANTA ROSA'),
(233, '02', '15', '11', 'TAUCA'),
(234, '02', '16', '00', 'POMABAMBA'),
(235, '02', '16', '01', 'POMABAMBA'),
(236, '02', '16', '02', 'HUAYLLAN'),
(237, '02', '16', '03', 'PAROBAMBA'),
(238, '02', '16', '04', 'QUINUABAMBA'),
(239, '02', '17', '00', 'RECUAY'),
(240, '02', '17', '01', 'RECUAY'),
(241, '02', '17', '02', 'CATAC'),
(242, '02', '17', '03', 'COTAPARACO'),
(243, '02', '17', '04', 'HUAYLLAPAMPA'),
(244, '02', '17', '05', 'LLACLLIN'),
(245, '02', '17', '06', 'MARCA'),
(246, '02', '17', '07', 'PAMPAS CHICO'),
(247, '02', '17', '08', 'PARARIN'),
(248, '02', '17', '09', 'TAPACOCHA'),
(249, '02', '17', '10', 'TICAPAMPA'),
(250, '02', '18', '00', 'SANTA'),
(251, '02', '18', '01', 'CHIMBOTE'),
(252, '02', '18', '02', 'CACERES DEL PERU'),
(253, '02', '18', '03', 'COISHCO'),
(254, '02', '18', '04', 'MACATE'),
(255, '02', '18', '05', 'MORO'),
(256, '02', '18', '06', 'NEPEÑA'),
(257, '02', '18', '07', 'SAMANCO'),
(258, '02', '18', '08', 'SANTA'),
(259, '02', '18', '09', 'NUEVO CHIMBOTE'),
(260, '02', '19', '00', 'SIHUAS'),
(261, '02', '19', '01', 'SIHUAS'),
(262, '02', '19', '02', 'ACOBAMBA'),
(263, '02', '19', '03', 'ALFONSO UGARTE'),
(264, '02', '19', '04', 'CASHAPAMPA'),
(265, '02', '19', '05', 'CHINGALPO'),
(266, '02', '19', '06', 'HUAYLLABAMBA'),
(267, '02', '19', '07', 'QUICHES'),
(268, '02', '19', '08', 'RAGASH'),
(269, '02', '19', '09', 'SAN JUAN'),
(270, '02', '19', '10', 'SICSIBAMBA'),
(271, '02', '20', '00', 'YUNGAY'),
(272, '02', '20', '01', 'YUNGAY'),
(273, '02', '20', '02', 'CASCAPARA'),
(274, '02', '20', '03', 'MANCOS'),
(275, '02', '20', '04', 'MATACOTO'),
(276, '02', '20', '05', 'QUILLO'),
(277, '02', '20', '06', 'RANRAHIRCA'),
(278, '02', '20', '07', 'SHUPLUY'),
(279, '02', '20', '08', 'YANAMA'),
(280, '03', '00', '00', 'APURIMAC'),
(281, '03', '01', '00', 'ABANCAY'),
(282, '03', '01', '01', 'ABANCAY'),
(283, '03', '01', '02', 'CHACOCHE'),
(284, '03', '01', '03', 'CIRCA'),
(285, '03', '01', '04', 'CURAHUASI'),
(286, '03', '01', '05', 'HUANIPACA'),
(287, '03', '01', '06', 'LAMBRAMA'),
(288, '03', '01', '07', 'PICHIRHUA'),
(289, '03', '01', '08', 'SAN PEDRO DE CACHORA'),
(290, '03', '01', '09', 'TAMBURCO'),
(291, '03', '02', '00', 'ANDAHUAYLAS'),
(292, '03', '02', '01', 'ANDAHUAYLAS'),
(293, '03', '02', '02', 'ANDARAPA'),
(294, '03', '02', '03', 'CHIARA'),
(295, '03', '02', '04', 'HUANCARAMA'),
(296, '03', '02', '05', 'HUANCARAY'),
(297, '03', '02', '06', 'HUAYANA'),
(298, '03', '02', '07', 'KISHUARA'),
(299, '03', '02', '08', 'PACOBAMBA'),
(300, '03', '02', '09', 'PACUCHA'),
(301, '03', '02', '10', 'PAMPACHIRI'),
(302, '03', '02', '11', 'POMACOCHA'),
(303, '03', '02', '12', 'SAN ANTONIO DE CACHI'),
(304, '03', '02', '13', 'SAN JERONIMO'),
(305, '03', '02', '14', 'SAN MIGUEL DE CHACCRAMPA'),
(306, '03', '02', '15', 'SANTA MARIA DE CHICMO'),
(307, '03', '02', '16', 'TALAVERA'),
(308, '03', '02', '17', 'TUMAY HUARACA'),
(309, '03', '02', '18', 'TURPO'),
(310, '03', '02', '19', 'KAQUIABAMBA'),
(311, '03', '03', '00', 'ANTABAMBA'),
(312, '03', '03', '01', 'ANTABAMBA'),
(313, '03', '03', '02', 'EL ORO'),
(314, '03', '03', '03', 'HUAQUIRCA'),
(315, '03', '03', '04', 'JUAN ESPINOZA MEDRANO'),
(316, '03', '03', '05', 'OROPESA'),
(317, '03', '03', '06', 'PACHACONAS'),
(318, '03', '03', '07', 'SABAINO'),
(319, '03', '04', '00', 'AYMARAES'),
(320, '03', '04', '01', 'CHALHUANCA'),
(321, '03', '04', '02', 'CAPAYA'),
(322, '03', '04', '03', 'CARAYBAMBA'),
(323, '03', '04', '04', 'CHAPIMARCA'),
(324, '03', '04', '05', 'COLCABAMBA'),
(325, '03', '04', '06', 'COTARUSE'),
(326, '03', '04', '07', 'HUAYLLO'),
(327, '03', '04', '08', 'JUSTO APU SAHUARAURA'),
(328, '03', '04', '09', 'LUCRE'),
(329, '03', '04', '10', 'POCOHUANCA'),
(330, '03', '04', '11', 'SAN JUAN DE CHACÑA'),
(331, '03', '04', '12', 'SAÑAYCA'),
(332, '03', '04', '13', 'SORAYA'),
(333, '03', '04', '14', 'TAPAIRIHUA'),
(334, '03', '04', '15', 'TINTAY'),
(335, '03', '04', '16', 'TORAYA'),
(336, '03', '04', '17', 'YANACA'),
(337, '03', '05', '00', 'COTABAMBAS'),
(338, '03', '05', '01', 'TAMBOBAMBA'),
(339, '03', '05', '02', 'COTABAMBAS'),
(340, '03', '05', '03', 'COYLLURQUI'),
(341, '03', '05', '04', 'HAQUIRA'),
(342, '03', '05', '05', 'MARA'),
(343, '03', '05', '06', 'CHALLHUAHUACHO'),
(344, '03', '06', '00', 'CHINCHEROS'),
(345, '03', '06', '01', 'CHINCHEROS'),
(346, '03', '06', '02', 'ANCO-HUALLO'),
(347, '03', '06', '03', 'COCHARCAS'),
(348, '03', '06', '04', 'HUACCANA'),
(349, '03', '06', '05', 'OCOBAMBA'),
(350, '03', '06', '06', 'ONGOY'),
(351, '03', '06', '07', 'URANMARCA'),
(352, '03', '06', '08', 'RANRACANCHA'),
(353, '03', '07', '00', 'GRAU'),
(354, '03', '07', '01', 'CHUQUIBAMBILLA'),
(355, '03', '07', '02', 'CURPAHUASI'),
(356, '03', '07', '03', 'GAMARRA'),
(357, '03', '07', '04', 'HUAYLLATI'),
(358, '03', '07', '05', 'MAMARA'),
(359, '03', '07', '06', 'MICAELA BASTIDAS'),
(360, '03', '07', '07', 'PATAYPAMPA'),
(361, '03', '07', '08', 'PROGRESO'),
(362, '03', '07', '09', 'SAN ANTONIO'),
(363, '03', '07', '10', 'SANTA ROSA'),
(364, '03', '07', '11', 'TURPAY'),
(365, '03', '07', '12', 'VILCABAMBA'),
(366, '03', '07', '13', 'VIRUNDO'),
(367, '03', '07', '14', 'CURASCO'),
(368, '04', '00', '00', 'AREQUIPA'),
(369, '04', '01', '00', 'AREQUIPA'),
(370, '04', '01', '01', 'AREQUIPA'),
(371, '04', '01', '02', 'ALTO SELVA ALEGRE'),
(372, '04', '01', '03', 'CAYMA'),
(373, '04', '01', '04', 'CERRO COLORADO'),
(374, '04', '01', '05', 'CHARACATO'),
(375, '04', '01', '06', 'CHIGUATA'),
(376, '04', '01', '07', 'JACOBO HUNTER'),
(377, '04', '01', '08', 'LA JOYA'),
(378, '04', '01', '09', 'MARIANO MELGAR'),
(379, '04', '01', '10', 'MIRAFLORES'),
(380, '04', '01', '11', 'MOLLEBAYA'),
(381, '04', '01', '12', 'PAUCARPATA'),
(382, '04', '01', '13', 'POCSI'),
(383, '04', '01', '14', 'POLOBAYA'),
(384, '04', '01', '15', 'QUEQUEÑA'),
(385, '04', '01', '16', 'SABANDIA'),
(386, '04', '01', '17', 'SACHACA'),
(387, '04', '01', '18', 'SAN JUAN DE SIGUAS'),
(388, '04', '01', '19', 'SAN JUAN DE TARUCANI'),
(389, '04', '01', '20', 'SANTA ISABEL DE SIGUAS'),
(390, '04', '01', '21', 'SANTA RITA DE SIGUAS'),
(391, '04', '01', '22', 'SOCABAYA'),
(392, '04', '01', '23', 'TIABAYA'),
(393, '04', '01', '24', 'UCHUMAYO'),
(394, '04', '01', '25', 'VITOR'),
(395, '04', '01', '26', 'YANAHUARA'),
(396, '04', '01', '27', 'YARABAMBA'),
(397, '04', '01', '28', 'YURA'),
(398, '04', '01', '29', 'JOSE LUIS BUSTAMANTE Y RIVERO'),
(399, '04', '02', '00', 'CAMANA'),
(400, '04', '02', '01', 'CAMANA'),
(401, '04', '02', '02', 'JOSE MARIA QUIMPER'),
(402, '04', '02', '03', 'MARIANO NICOLAS VALCARCEL'),
(403, '04', '02', '04', 'MARISCAL CACERES'),
(404, '04', '02', '05', 'NICOLAS DE PIEROLA'),
(405, '04', '02', '06', 'OCOÑA'),
(406, '04', '02', '07', 'QUILCA'),
(407, '04', '02', '08', 'SAMUEL PASTOR'),
(408, '04', '03', '00', 'CARAVELI'),
(409, '04', '03', '01', 'CARAVELI'),
(410, '04', '03', '02', 'ACARI'),
(411, '04', '03', '03', 'ATICO'),
(412, '04', '03', '04', 'ATIQUIPA'),
(413, '04', '03', '05', 'BELLA UNION'),
(414, '04', '03', '06', 'CAHUACHO'),
(415, '04', '03', '07', 'CHALA'),
(416, '04', '03', '08', 'CHAPARRA'),
(417, '04', '03', '09', 'HUANUHUANU'),
(418, '04', '03', '10', 'JAQUI'),
(419, '04', '03', '11', 'LOMAS'),
(420, '04', '03', '12', 'QUICACHA'),
(421, '04', '03', '13', 'YAUCA'),
(422, '04', '04', '00', 'CASTILLA'),
(423, '04', '04', '01', 'APLAO'),
(424, '04', '04', '02', 'ANDAGUA'),
(425, '04', '04', '03', 'AYO'),
(426, '04', '04', '04', 'CHACHAS'),
(427, '04', '04', '05', 'CHILCAYMARCA'),
(428, '04', '04', '06', 'CHOCO'),
(429, '04', '04', '07', 'HUANCARQUI'),
(430, '04', '04', '08', 'MACHAGUAY'),
(431, '04', '04', '09', 'ORCOPAMPA'),
(432, '04', '04', '10', 'PAMPACOLCA'),
(433, '04', '04', '11', 'TIPAN'),
(434, '04', '04', '12', 'UÑON'),
(435, '04', '04', '13', 'URACA'),
(436, '04', '04', '14', 'VIRACO'),
(437, '04', '05', '00', 'CAYLLOMA'),
(438, '04', '05', '01', 'CHIVAY'),
(439, '04', '05', '02', 'ACHOMA'),
(440, '04', '05', '03', 'CABANACONDE'),
(441, '04', '05', '04', 'CALLALLI'),
(442, '04', '05', '05', 'CAYLLOMA'),
(443, '04', '05', '06', 'COPORAQUE'),
(444, '04', '05', '07', 'HUAMBO'),
(445, '04', '05', '08', 'HUANCA'),
(446, '04', '05', '09', 'ICHUPAMPA'),
(447, '04', '05', '10', 'LARI'),
(448, '04', '05', '11', 'LLUTA'),
(449, '04', '05', '12', 'MACA'),
(450, '04', '05', '13', 'MADRIGAL'),
(451, '04', '05', '14', 'SAN ANTONIO DE CHUCA'),
(452, '04', '05', '15', 'SIBAYO'),
(453, '04', '05', '16', 'TAPAY'),
(454, '04', '05', '17', 'TISCO'),
(455, '04', '05', '18', 'TUTI'),
(456, '04', '05', '19', 'YANQUE'),
(457, '04', '05', '20', 'MAJES'),
(458, '04', '06', '00', 'CONDESUYOS'),
(459, '04', '06', '01', 'CHUQUIBAMBA'),
(460, '04', '06', '02', 'ANDARAY'),
(461, '04', '06', '03', 'CAYARANI'),
(462, '04', '06', '04', 'CHICHAS'),
(463, '04', '06', '05', 'IRAY'),
(464, '04', '06', '06', 'RIO GRANDE'),
(465, '04', '06', '07', 'SALAMANCA'),
(466, '04', '06', '08', 'YANAQUIHUA'),
(467, '04', '07', '00', 'ISLAY'),
(468, '04', '07', '01', 'MOLLENDO'),
(469, '04', '07', '02', 'COCACHACRA'),
(470, '04', '07', '03', 'DEAN VALDIVIA'),
(471, '04', '07', '04', 'ISLAY'),
(472, '04', '07', '05', 'MEJIA'),
(473, '04', '07', '06', 'PUNTA DE BOMBON'),
(474, '04', '08', '00', 'LA UNION'),
(475, '04', '08', '01', 'COTAHUASI'),
(476, '04', '08', '02', 'ALCA'),
(477, '04', '08', '03', 'CHARCANA'),
(478, '04', '08', '04', 'HUAYNACOTAS'),
(479, '04', '08', '05', 'PAMPAMARCA'),
(480, '04', '08', '06', 'PUYCA'),
(481, '04', '08', '07', 'QUECHUALLA'),
(482, '04', '08', '08', 'SAYLA'),
(483, '04', '08', '09', 'TAURIA'),
(484, '04', '08', '10', 'TOMEPAMPA'),
(485, '04', '08', '11', 'TORO'),
(486, '05', '00', '00', 'AYACUCHO'),
(487, '05', '01', '00', 'HUAMANGA'),
(488, '05', '01', '01', 'AYACUCHO'),
(489, '05', '01', '02', 'ACOCRO'),
(490, '05', '01', '03', 'ACOS VINCHOS'),
(491, '05', '01', '04', 'CARMEN ALTO'),
(492, '05', '01', '05', 'CHIARA'),
(493, '05', '01', '06', 'OCROS'),
(494, '05', '01', '07', 'PACAYCASA'),
(495, '05', '01', '08', 'QUINUA'),
(496, '05', '01', '09', 'SAN JOSE DE TICLLAS'),
(497, '05', '01', '10', 'SAN JUAN BAUTISTA'),
(498, '05', '01', '11', 'SANTIAGO DE PISCHA'),
(499, '05', '01', '12', 'SOCOS'),
(500, '05', '01', '13', 'TAMBILLO'),
(501, '05', '01', '14', 'VINCHOS'),
(502, '05', '01', '15', 'JESUS NAZARENO'),
(503, '05', '02', '00', 'CANGALLO'),
(504, '05', '02', '01', 'CANGALLO'),
(505, '05', '02', '02', 'CHUSCHI'),
(506, '05', '02', '03', 'LOS MOROCHUCOS'),
(507, '05', '02', '04', 'MARIA PARADO DE BELLIDO'),
(508, '05', '02', '05', 'PARAS'),
(509, '05', '02', '06', 'TOTOS'),
(510, '05', '03', '00', 'HUANCA SANCOS'),
(511, '05', '03', '01', 'SANCOS'),
(512, '05', '03', '02', 'CARAPO'),
(513, '05', '03', '03', 'SACSAMARCA'),
(514, '05', '03', '04', 'SANTIAGO DE LUCANAMARCA'),
(515, '05', '04', '00', 'HUANTA'),
(516, '05', '04', '01', 'HUANTA'),
(517, '05', '04', '02', 'AYAHUANCO'),
(518, '05', '04', '03', 'HUAMANGUILLA'),
(519, '05', '04', '04', 'IGUAIN'),
(520, '05', '04', '05', 'LURICOCHA'),
(521, '05', '04', '06', 'SANTILLANA'),
(522, '05', '04', '07', 'SIVIA'),
(523, '05', '04', '08', 'LLOCHEGUA'),
(524, '05', '05', '00', 'LA MAR'),
(525, '05', '05', '01', 'SAN MIGUEL'),
(526, '05', '05', '02', 'ANCO'),
(527, '05', '05', '03', 'AYNA'),
(528, '05', '05', '04', 'CHILCAS'),
(529, '05', '05', '05', 'CHUNGUI'),
(530, '05', '05', '06', 'LUIS CARRANZA'),
(531, '05', '05', '07', 'SANTA ROSA'),
(532, '05', '05', '08', 'TAMBO'),
(533, '05', '06', '00', 'LUCANAS'),
(534, '05', '06', '01', 'PUQUIO'),
(535, '05', '06', '02', 'AUCARA'),
(536, '05', '06', '03', 'CABANA'),
(537, '05', '06', '04', 'CARMEN SALCEDO'),
(538, '05', '06', '05', 'CHAVIÑA'),
(539, '05', '06', '06', 'CHIPAO'),
(540, '05', '06', '07', 'HUAC-HUAS'),
(541, '05', '06', '08', 'LARAMATE'),
(542, '05', '06', '09', 'LEONCIO PRADO'),
(543, '05', '06', '10', 'LLAUTA'),
(544, '05', '06', '11', 'LUCANAS'),
(545, '05', '06', '12', 'OCAÑA'),
(546, '05', '06', '13', 'OTOCA'),
(547, '05', '06', '14', 'SAISA'),
(548, '05', '06', '15', 'SAN CRISTOBAL'),
(549, '05', '06', '16', 'SAN JUAN'),
(550, '05', '06', '17', 'SAN PEDRO'),
(551, '05', '06', '18', 'SAN PEDRO DE PALCO'),
(552, '05', '06', '19', 'SANCOS'),
(553, '05', '06', '20', 'SANTA ANA DE HUAYCAHUACHO'),
(554, '05', '06', '21', 'SANTA LUCIA'),
(555, '05', '07', '00', 'PARINACOCHAS'),
(556, '05', '07', '01', 'CORACORA'),
(557, '05', '07', '02', 'CHUMPI'),
(558, '05', '07', '03', 'CORONEL CASTAÑEDA'),
(559, '05', '07', '04', 'PACAPAUSA'),
(560, '05', '07', '05', 'PULLO'),
(561, '05', '07', '06', 'PUYUSCA'),
(562, '05', '07', '07', 'SAN FRANCISCO DE RAVACAYCO'),
(563, '05', '07', '08', 'UPAHUACHO'),
(564, '05', '08', '00', 'PAUCAR DEL SARA SARA'),
(565, '05', '08', '01', 'PAUSA'),
(566, '05', '08', '02', 'COLTA'),
(567, '05', '08', '03', 'CORCULLA'),
(568, '05', '08', '04', 'LAMPA'),
(569, '05', '08', '05', 'MARCABAMBA'),
(570, '05', '08', '06', 'OYOLO'),
(571, '05', '08', '07', 'PARARCA'),
(572, '05', '08', '08', 'SAN JAVIER DE ALPABAMBA'),
(573, '05', '08', '09', 'SAN JOSE DE USHUA'),
(574, '05', '08', '10', 'SARA SARA'),
(575, '05', '09', '00', 'SUCRE'),
(576, '05', '09', '01', 'QUEROBAMBA'),
(577, '05', '09', '02', 'BELEN'),
(578, '05', '09', '03', 'CHALCOS'),
(579, '05', '09', '04', 'CHILCAYOC'),
(580, '05', '09', '05', 'HUACAÑA'),
(581, '05', '09', '06', 'MORCOLLA'),
(582, '05', '09', '07', 'PAICO'),
(583, '05', '09', '08', 'SAN PEDRO DE LARCAY'),
(584, '05', '09', '09', 'SAN SALVADOR DE QUIJE'),
(585, '05', '09', '10', 'SANTIAGO DE PAUCARAY'),
(586, '05', '09', '11', 'SORAS'),
(587, '05', '10', '00', 'VICTOR FAJARDO'),
(588, '05', '10', '01', 'HUANCAPI'),
(589, '05', '10', '02', 'ALCAMENCA'),
(590, '05', '10', '03', 'APONGO'),
(591, '05', '10', '04', 'ASQUIPATA'),
(592, '05', '10', '05', 'CANARIA'),
(593, '05', '10', '06', 'CAYARA'),
(594, '05', '10', '07', 'COLCA'),
(595, '05', '10', '08', 'HUAMANQUIQUIA'),
(596, '05', '10', '09', 'HUANCARAYLLA'),
(597, '05', '10', '10', 'HUAYA'),
(598, '05', '10', '11', 'SARHUA'),
(599, '05', '10', '12', 'VILCANCHOS'),
(600, '05', '11', '00', 'VILCAS HUAMAN'),
(601, '05', '11', '01', 'VILCAS HUAMAN'),
(602, '05', '11', '02', 'ACCOMARCA'),
(603, '05', '11', '03', 'CARHUANCA'),
(604, '05', '11', '04', 'CONCEPCION'),
(605, '05', '11', '05', 'HUAMBALPA'),
(606, '05', '11', '06', 'INDEPENDENCIA'),
(607, '05', '11', '07', 'SAURAMA'),
(608, '05', '11', '08', 'VISCHONGO'),
(609, '06', '00', '00', 'CAJAMARCA'),
(610, '06', '01', '00', 'CAJAMARCA'),
(611, '06', '01', '01', 'CAJAMARCA'),
(612, '06', '01', '02', 'ASUNCION'),
(613, '06', '01', '03', 'CHETILLA'),
(614, '06', '01', '04', 'COSPAN'),
(615, '06', '01', '05', 'ENCAÑADA'),
(616, '06', '01', '06', 'JESUS'),
(617, '06', '01', '07', 'LLACANORA'),
(618, '06', '01', '08', 'LOS BAÑOS DEL INCA'),
(619, '06', '01', '09', 'MAGDALENA'),
(620, '06', '01', '10', 'MATARA'),
(621, '06', '01', '11', 'NAMORA'),
(622, '06', '01', '12', 'SAN JUAN'),
(623, '06', '02', '00', 'CAJABAMBA'),
(624, '06', '02', '01', 'CAJABAMBA'),
(625, '06', '02', '02', 'CACHACHI'),
(626, '06', '02', '03', 'CONDEBAMBA'),
(627, '06', '02', '04', 'SITACOCHA'),
(628, '06', '03', '00', 'CELENDIN'),
(629, '06', '03', '01', 'CELENDIN'),
(630, '06', '03', '02', 'CHUMUCH'),
(631, '06', '03', '03', 'CORTEGANA'),
(632, '06', '03', '04', 'HUASMIN'),
(633, '06', '03', '05', 'JORGE CHAVEZ'),
(634, '06', '03', '06', 'JOSE GALVEZ'),
(635, '06', '03', '07', 'MIGUEL IGLESIAS'),
(636, '06', '03', '08', 'OXAMARCA'),
(637, '06', '03', '09', 'SOROCHUCO'),
(638, '06', '03', '10', 'SUCRE'),
(639, '06', '03', '11', 'UTCO'),
(640, '06', '03', '12', 'LA LIBERTAD DE PALLAN'),
(641, '06', '04', '00', 'CHOTA'),
(642, '06', '04', '01', 'CHOTA'),
(643, '06', '04', '02', 'ANGUIA'),
(644, '06', '04', '03', 'CHADIN'),
(645, '06', '04', '04', 'CHIGUIRIP'),
(646, '06', '04', '05', 'CHIMBAN'),
(647, '06', '04', '06', 'CHOROPAMPA'),
(648, '06', '04', '07', 'COCHABAMBA'),
(649, '06', '04', '08', 'CONCHAN'),
(650, '06', '04', '09', 'HUAMBOS'),
(651, '06', '04', '10', 'LAJAS'),
(652, '06', '04', '11', 'LLAMA'),
(653, '06', '04', '12', 'MIRACOSTA'),
(654, '06', '04', '13', 'PACCHA'),
(655, '06', '04', '14', 'PION'),
(656, '06', '04', '15', 'QUEROCOTO'),
(657, '06', '04', '16', 'SAN JUAN DE LICUPIS'),
(658, '06', '04', '17', 'TACABAMBA'),
(659, '06', '04', '18', 'TOCMOCHE'),
(660, '06', '04', '19', 'CHALAMARCA'),
(661, '06', '05', '00', 'CONTUMAZA'),
(662, '06', '05', '01', 'CONTUMAZA'),
(663, '06', '05', '02', 'CHILETE'),
(664, '06', '05', '03', 'CUPISNIQUE'),
(665, '06', '05', '04', 'GUZMANGO'),
(666, '06', '05', '05', 'SAN BENITO'),
(667, '06', '05', '06', 'SANTA CRUZ DE TOLED'),
(668, '06', '05', '07', 'TANTARICA'),
(669, '06', '05', '08', 'YONAN'),
(670, '06', '06', '00', 'CUTERVO'),
(671, '06', '06', '01', 'CUTERVO'),
(672, '06', '06', '02', 'CALLAYUC'),
(673, '06', '06', '03', 'CHOROS'),
(674, '06', '06', '04', 'CUJILLO'),
(675, '06', '06', '05', 'LA RAMADA'),
(676, '06', '06', '06', 'PIMPINGOS'),
(677, '06', '06', '07', 'QUEROCOTILLO'),
(678, '06', '06', '08', 'SAN ANDRES DE CUTERVO'),
(679, '06', '06', '09', 'SAN JUAN DE CUTERVO'),
(680, '06', '06', '10', 'SAN LUIS DE LUCMA'),
(681, '06', '06', '11', 'SANTA CRUZ'),
(682, '06', '06', '12', 'SANTO DOMINGO DE LA CAPILLA'),
(683, '06', '06', '13', 'SANTO TOMAS'),
(684, '06', '06', '14', 'SOCOTA'),
(685, '06', '06', '15', 'TORIBIO CASANOVA'),
(686, '06', '07', '00', 'HUALGAYOC'),
(687, '06', '07', '01', 'BAMBAMARCA'),
(688, '06', '07', '02', 'CHUGUR'),
(689, '06', '07', '03', 'HUALGAYOC'),
(690, '06', '08', '00', 'JAEN'),
(691, '06', '08', '01', 'JAEN'),
(692, '06', '08', '02', 'BELLAVISTA'),
(693, '06', '08', '03', 'CHONTALI'),
(694, '06', '08', '04', 'COLASAY'),
(695, '06', '08', '05', 'HUABAL'),
(696, '06', '08', '06', 'LAS PIRIAS'),
(697, '06', '08', '07', 'POMAHUACA'),
(698, '06', '08', '08', 'PUCARA'),
(699, '06', '08', '09', 'SALLIQUE'),
(700, '06', '08', '10', 'SAN FELIPE'),
(701, '06', '08', '11', 'SAN JOSE DEL ALTO'),
(702, '06', '08', '12', 'SANTA ROSA'),
(703, '06', '09', '00', 'SAN IGNACIO'),
(704, '06', '09', '01', 'SAN IGNACIO'),
(705, '06', '09', '02', 'CHIRINOS'),
(706, '06', '09', '03', 'HUARANGO'),
(707, '06', '09', '04', 'LA COIPA'),
(708, '06', '09', '05', 'NAMBALLE'),
(709, '06', '09', '06', 'SAN JOSE DE LOURDES'),
(710, '06', '09', '07', 'TABACONAS'),
(711, '06', '10', '00', 'SAN MARCOS'),
(712, '06', '10', '01', 'PEDRO GALVEZ'),
(713, '06', '10', '02', 'CHANCAY'),
(714, '06', '10', '03', 'EDUARDO VILLANUEVA'),
(715, '06', '10', '04', 'GREGORIO PITA'),
(716, '06', '10', '05', 'ICHOCAN'),
(717, '06', '10', '06', 'JOSE MANUEL QUIROZ'),
(718, '06', '10', '07', 'JOSE SABOGAL'),
(719, '06', '11', '00', 'SAN MIGUEL'),
(720, '06', '11', '01', 'SAN MIGUEL'),
(721, '06', '11', '02', 'BOLIVAR'),
(722, '06', '11', '03', 'CALQUIS'),
(723, '06', '11', '04', 'CATILLUC'),
(724, '06', '11', '05', 'EL PRADO'),
(725, '06', '11', '06', 'LA FLORIDA'),
(726, '06', '11', '07', 'LLAPA'),
(727, '06', '11', '08', 'NANCHOC'),
(728, '06', '11', '09', 'NIEPOS'),
(729, '06', '11', '10', 'SAN GREGORIO'),
(730, '06', '11', '11', 'SAN SILVESTRE DE COCHAN'),
(731, '06', '11', '12', 'TONGOD'),
(732, '06', '11', '13', 'UNION AGUA BLANCA'),
(733, '06', '12', '00', 'SAN PABLO'),
(734, '06', '12', '01', 'SAN PABLO'),
(735, '06', '12', '02', 'SAN BERNARDINO'),
(736, '06', '12', '03', 'SAN LUIS'),
(737, '06', '12', '04', 'TUMBADEN'),
(738, '06', '13', '00', 'SANTA CRUZ'),
(739, '06', '13', '01', 'SANTA CRUZ'),
(740, '06', '13', '02', 'ANDABAMBA'),
(741, '06', '13', '03', 'CATACHE'),
(742, '06', '13', '04', 'CHANCAYBAÑOS'),
(743, '06', '13', '05', 'LA ESPERANZA'),
(744, '06', '13', '06', 'NINABAMBA'),
(745, '06', '13', '07', 'PULAN'),
(746, '06', '13', '08', 'SAUCEPAMPA'),
(747, '06', '13', '09', 'SEXI'),
(748, '06', '13', '10', 'UTICYACU'),
(749, '06', '13', '11', 'YAUYUCAN'),
(758, '08', '00', '00', 'CUSCO'),
(759, '08', '01', '00', 'CUSCO'),
(760, '08', '01', '01', 'CUSCO'),
(761, '08', '01', '02', 'CCORCA'),
(762, '08', '01', '03', 'POROY'),
(763, '08', '01', '04', 'SAN JERONIMO'),
(764, '08', '01', '05', 'SAN SEBASTIAN'),
(765, '08', '01', '06', 'SANTIAGO'),
(766, '08', '01', '07', 'SAYLLA'),
(767, '08', '01', '08', 'WANCHAQ'),
(768, '08', '02', '00', 'ACOMAYO'),
(769, '08', '02', '01', 'ACOMAYO'),
(770, '08', '02', '02', 'ACOPIA'),
(771, '08', '02', '03', 'ACOS'),
(772, '08', '02', '04', 'MOSOC LLACTA'),
(773, '08', '02', '05', 'POMACANCHI'),
(774, '08', '02', '06', 'RONDOCAN'),
(775, '08', '02', '07', 'SANGARARA'),
(776, '08', '03', '00', 'ANTA'),
(777, '08', '03', '01', 'ANTA'),
(778, '08', '03', '02', 'ANCAHUASI'),
(779, '08', '03', '03', 'CACHIMAYO'),
(780, '08', '03', '04', 'CHINCHAYPUJIO'),
(781, '08', '03', '05', 'HUAROCONDO'),
(782, '08', '03', '06', 'LIMATAMBO'),
(783, '08', '03', '07', 'MOLLEPATA'),
(784, '08', '03', '08', 'PUCYURA'),
(785, '08', '03', '09', 'ZURITE'),
(786, '08', '04', '00', 'CALCA'),
(787, '08', '04', '01', 'CALCA'),
(788, '08', '04', '02', 'COYA'),
(789, '08', '04', '03', 'LAMAY'),
(790, '08', '04', '04', 'LARES'),
(791, '08', '04', '05', 'PISAC'),
(792, '08', '04', '06', 'SAN SALVADOR'),
(793, '08', '04', '07', 'TARAY'),
(794, '08', '04', '08', 'YANATILE'),
(795, '08', '05', '00', 'CANAS'),
(796, '08', '05', '01', 'YANAOCA'),
(797, '08', '05', '02', 'CHECCA'),
(798, '08', '05', '03', 'KUNTURKANKI'),
(799, '08', '05', '04', 'LANGUI'),
(800, '08', '05', '05', 'LAYO'),
(801, '08', '05', '06', 'PAMPAMARCA'),
(802, '08', '05', '07', 'QUEHUE'),
(803, '08', '05', '08', 'TUPAC AMARU'),
(804, '08', '06', '00', 'CANCHIS'),
(805, '08', '06', '01', 'SICUANI'),
(806, '08', '06', '02', 'CHECACUPE'),
(807, '08', '06', '03', 'COMBAPATA'),
(808, '08', '06', '04', 'MARANGANI'),
(809, '08', '06', '05', 'PITUMARCA'),
(810, '08', '06', '06', 'SAN PABLO'),
(811, '08', '06', '07', 'SAN PEDRO'),
(812, '08', '06', '08', 'TINTA'),
(813, '08', '07', '00', 'CHUMBIVILCAS'),
(814, '08', '07', '01', 'SANTO TOMAS'),
(815, '08', '07', '02', 'CAPACMARCA'),
(816, '08', '07', '03', 'CHAMACA'),
(817, '08', '07', '04', 'COLQUEMARCA'),
(818, '08', '07', '05', 'LIVITACA'),
(819, '08', '07', '06', 'LLUSCO'),
(820, '08', '07', '07', 'QUIÑOTA'),
(821, '08', '07', '08', 'VELILLE'),
(822, '08', '08', '00', 'ESPINAR'),
(823, '08', '08', '01', 'ESPINAR'),
(824, '08', '08', '02', 'CONDOROMA'),
(825, '08', '08', '03', 'COPORAQUE'),
(826, '08', '08', '04', 'OCORURO'),
(827, '08', '08', '05', 'PALLPATA'),
(828, '08', '08', '06', 'PICHIGUA'),
(829, '08', '08', '07', 'SUYCKUTAMBO'),
(830, '08', '08', '08', 'ALTO PICHIGUA'),
(831, '08', '09', '00', 'LA CONVENCION'),
(832, '08', '09', '01', 'SANTA ANA'),
(833, '08', '09', '02', 'ECHARATE'),
(834, '08', '09', '03', 'HUAYOPATA'),
(835, '08', '09', '04', 'MARANURA'),
(836, '08', '09', '05', 'OCOBAMBA'),
(837, '08', '09', '06', 'QUELLOUNO'),
(838, '08', '09', '07', 'KIMBIRI'),
(839, '08', '09', '08', 'SANTA TERESA'),
(840, '08', '09', '09', 'VILCABAMBA'),
(841, '08', '09', '10', 'PICHARI'),
(842, '08', '10', '00', 'PARURO'),
(843, '08', '10', '01', 'PARURO'),
(844, '08', '10', '02', 'ACCHA'),
(845, '08', '10', '03', 'CCAPI'),
(846, '08', '10', '04', 'COLCHA'),
(847, '08', '10', '05', 'HUANOQUITE'),
(848, '08', '10', '06', 'OMACHA'),
(849, '08', '10', '07', 'PACCARITAMBO'),
(850, '08', '10', '08', 'PILLPINTO'),
(851, '08', '10', '09', 'YAURISQUE'),
(852, '08', '11', '00', 'PAUCARTAMBO'),
(853, '08', '11', '01', 'PAUCARTAMBO'),
(854, '08', '11', '02', 'CAICAY'),
(855, '08', '11', '03', 'CHALLABAMBA'),
(856, '08', '11', '04', 'COLQUEPATA'),
(857, '08', '11', '05', 'HUANCARANI'),
(858, '08', '11', '06', 'KOSÑIPATA'),
(859, '08', '12', '00', 'QUISPICANCHI'),
(860, '08', '12', '01', 'URCOS'),
(861, '08', '12', '02', 'ANDAHUAYLILLAS'),
(862, '08', '12', '03', 'CAMANTI'),
(863, '08', '12', '04', 'CCARHUAYO'),
(864, '08', '12', '05', 'CCATCA'),
(865, '08', '12', '06', 'CUSIPATA'),
(866, '08', '12', '07', 'HUARO'),
(867, '08', '12', '08', 'LUCRE'),
(868, '08', '12', '09', 'MARCAPATA'),
(869, '08', '12', '10', 'OCONGATE'),
(870, '08', '12', '11', 'OROPESA'),
(871, '08', '12', '12', 'QUIQUIJANA'),
(872, '08', '13', '00', 'URUBAMBA'),
(873, '08', '13', '01', 'URUBAMBA'),
(874, '08', '13', '02', 'CHINCHERO'),
(875, '08', '13', '03', 'HUAYLLABAMBA'),
(876, '08', '13', '04', 'MACHUPICCHU'),
(877, '08', '13', '05', 'MARAS'),
(878, '08', '13', '06', 'OLLANTAYTAMBO'),
(879, '08', '13', '07', 'YUCAY'),
(880, '09', '00', '00', 'HUANCAVELICA'),
(881, '09', '01', '00', 'HUANCAVELICA'),
(882, '09', '01', '01', 'HUANCAVELICA'),
(883, '09', '01', '02', 'ACOBAMBILLA'),
(884, '09', '01', '03', 'ACORIA'),
(885, '09', '01', '04', 'CONAYCA'),
(886, '09', '01', '05', 'CUENCA'),
(887, '09', '01', '06', 'HUACHOCOLPA'),
(888, '09', '01', '07', 'HUAYLLAHUARA'),
(889, '09', '01', '08', 'IZCUCHACA'),
(890, '09', '01', '09', 'LARIA'),
(891, '09', '01', '10', 'MANTA'),
(892, '09', '01', '11', 'MARISCAL CACERES'),
(893, '09', '01', '12', 'MOYA'),
(894, '09', '01', '13', 'NUEVO OCCORO'),
(895, '09', '01', '14', 'PALCA'),
(896, '09', '01', '15', 'PILCHACA'),
(897, '09', '01', '16', 'VILCA'),
(898, '09', '01', '17', 'YAULI'),
(899, '09', '01', '18', 'ASCENSION'),
(900, '09', '01', '19', 'HUANDO'),
(901, '09', '02', '00', 'ACOBAMBA'),
(902, '09', '02', '01', 'ACOBAMBA'),
(903, '09', '02', '02', 'ANDABAMBA'),
(904, '09', '02', '03', 'ANTA'),
(905, '09', '02', '04', 'CAJA'),
(906, '09', '02', '05', 'MARCAS'),
(907, '09', '02', '06', 'PAUCARA'),
(908, '09', '02', '07', 'POMACOCHA'),
(909, '09', '02', '08', 'ROSARIO'),
(910, '09', '03', '00', 'ANGARAES'),
(911, '09', '03', '01', 'LIRCAY'),
(912, '09', '03', '02', 'ANCHONGA'),
(913, '09', '03', '03', 'CALLANMARCA'),
(914, '09', '03', '04', 'CCOCHACCASA'),
(915, '09', '03', '05', 'CHINCHO'),
(916, '09', '03', '06', 'CONGALLA'),
(917, '09', '03', '07', 'HUANCA-HUANCA'),
(918, '09', '03', '08', 'HUAYLLAY GRANDE'),
(919, '09', '03', '09', 'JULCAMARCA'),
(920, '09', '03', '10', 'SAN ANTONIO DE ANTAPARCO'),
(921, '09', '03', '11', 'SANTO TOMAS DE PATA'),
(922, '09', '03', '12', 'SECCLLA'),
(923, '09', '04', '00', 'CASTROVIRREYNA'),
(924, '09', '04', '01', 'CASTROVIRREYNA'),
(925, '09', '04', '02', 'ARMA'),
(926, '09', '04', '03', 'AURAHUA'),
(927, '09', '04', '04', 'CAPILLAS'),
(928, '09', '04', '05', 'CHUPAMARCA'),
(929, '09', '04', '06', 'COCAS'),
(930, '09', '04', '07', 'HUACHOS'),
(931, '09', '04', '08', 'HUAMATAMBO'),
(932, '09', '04', '09', 'MOLLEPAMPA'),
(933, '09', '04', '10', 'SAN JUAN'),
(934, '09', '04', '11', 'SANTA ANA'),
(935, '09', '04', '12', 'TANTARA'),
(936, '09', '04', '13', 'TICRAPO'),
(937, '09', '05', '00', 'CHURCAMPA'),
(938, '09', '05', '01', 'CHURCAMPA'),
(939, '09', '05', '02', 'ANCO'),
(940, '09', '05', '03', 'CHINCHIHUASI'),
(941, '09', '05', '04', 'EL CARMEN'),
(942, '09', '05', '05', 'LA MERCED'),
(943, '09', '05', '06', 'LOCROJA'),
(944, '09', '05', '07', 'PAUCARBAMBA'),
(945, '09', '05', '08', 'SAN MIGUEL DE MAYOCC'),
(946, '09', '05', '09', 'SAN PEDRO DE CORIS'),
(947, '09', '05', '10', 'PACHAMARCA'),
(948, '09', '06', '00', 'HUAYTARA'),
(949, '09', '06', '01', 'HUAYTARA'),
(950, '09', '06', '02', 'AYAVI'),
(951, '09', '06', '03', 'CORDOVA'),
(952, '09', '06', '04', 'HUAYACUNDO ARMA'),
(953, '09', '06', '05', 'LARAMARCA'),
(954, '09', '06', '06', 'OCOYO'),
(955, '09', '06', '07', 'PILPICHACA'),
(956, '09', '06', '08', 'QUERCO'),
(957, '09', '06', '09', 'QUITO-ARMA'),
(958, '09', '06', '10', 'SAN ANTONIO DE CUSICANCHA'),
(959, '09', '06', '11', 'SAN FRANCISCO DE SANGAYAICO'),
(960, '09', '06', '12', 'SAN ISIDRO'),
(961, '09', '06', '13', 'SANTIAGO DE CHOCORVOS'),
(962, '09', '06', '14', 'SANTIAGO DE QUIRAHUARA'),
(963, '09', '06', '15', 'SANTO DOMINGO DE CAPILLAS'),
(964, '09', '06', '16', 'TAMBO'),
(965, '09', '07', '00', 'TAYACAJA'),
(966, '09', '07', '01', 'PAMPAS'),
(967, '09', '07', '02', 'ACOSTAMBO'),
(968, '09', '07', '03', 'ACRAQUIA'),
(969, '09', '07', '04', 'AHUAYCHA'),
(970, '09', '07', '05', 'COLCABAMBA'),
(971, '09', '07', '06', 'DANIEL HERNANDEZ'),
(972, '09', '07', '07', 'HUACHOCOLPA'),
(973, '09', '07', '09', 'HUARIBAMBA'),
(974, '09', '07', '10', 'ÑAHUIMPUQUIO'),
(975, '09', '07', '11', 'PAZOS'),
(976, '09', '07', '13', 'QUISHUAR'),
(977, '09', '07', '14', 'SALCABAMBA'),
(978, '09', '07', '15', 'SALCAHUASI'),
(979, '09', '07', '16', 'SAN MARCOS DE ROCCHAC'),
(980, '09', '07', '17', 'SURCUBAMBA'),
(981, '09', '07', '18', 'TINTAY PUNCU'),
(982, '10', '00', '00', 'HUANUCO'),
(983, '10', '01', '00', 'HUANUCO'),
(984, '10', '01', '01', 'HUANUCO'),
(985, '10', '01', '02', 'AMARILIS'),
(986, '10', '01', '03', 'CHINCHAO'),
(987, '10', '01', '04', 'CHURUBAMBA'),
(988, '10', '01', '05', 'MARGOS'),
(989, '10', '01', '06', 'QUISQUI'),
(990, '10', '01', '07', 'SAN FRANCISCO DE CAYRAN'),
(991, '10', '01', '08', 'SAN PEDRO DE CHAULAN'),
(992, '10', '01', '09', 'SANTA MARIA DEL VALLE'),
(993, '10', '01', '10', 'YARUMAYO'),
(994, '10', '01', '11', 'PILLCO MARCA'),
(995, '10', '02', '00', 'AMBO'),
(996, '10', '02', '01', 'AMBO'),
(997, '10', '02', '02', 'CAYNA'),
(998, '10', '02', '03', 'COLPAS'),
(999, '10', '02', '04', 'CONCHAMARCA'),
(1000, '10', '02', '05', 'HUACAR'),
(1001, '10', '02', '06', 'SAN FRANCISCO'),
(1002, '10', '02', '07', 'SAN RAFAEL'),
(1003, '10', '02', '08', 'TOMAY KICHWA'),
(1004, '10', '03', '00', 'DOS DE MAYO'),
(1005, '10', '03', '01', 'LA UNION'),
(1006, '10', '03', '07', 'CHUQUIS'),
(1007, '10', '03', '11', 'MARIAS'),
(1008, '10', '03', '13', 'PACHAS'),
(1009, '10', '03', '16', 'QUIVILLA'),
(1010, '10', '03', '17', 'RIPAN'),
(1011, '10', '03', '21', 'SHUNQUI'),
(1012, '10', '03', '22', 'SILLAPATA'),
(1013, '10', '03', '23', 'YANAS'),
(1014, '10', '04', '00', 'HUACAYBAMBA'),
(1015, '10', '04', '01', 'HUACAYBAMBA'),
(1016, '10', '04', '02', 'CANCHABAMBA'),
(1017, '10', '04', '03', 'COCHABAMBA'),
(1018, '10', '04', '04', 'PINRA'),
(1019, '10', '05', '00', 'HUAMALIES'),
(1020, '10', '05', '01', 'LLATA'),
(1021, '10', '05', '02', 'ARANCAY'),
(1022, '10', '05', '03', 'CHAVIN DE PARIARCA'),
(1023, '10', '05', '04', 'JACAS GRANDE'),
(1024, '10', '05', '05', 'JIRCAN'),
(1025, '10', '05', '06', 'MIRAFLORES'),
(1026, '10', '05', '07', 'MONZON'),
(1027, '10', '05', '08', 'PUNCHAO'),
(1028, '10', '05', '09', 'PUÑOS'),
(1029, '10', '05', '10', 'SINGA'),
(1030, '10', '05', '11', 'TANTAMAYO'),
(1031, '10', '06', '00', 'LEONCIO PRADO'),
(1032, '10', '06', '01', 'RUPA-RUPA'),
(1033, '10', '06', '02', 'DANIEL ALOMIAS ROBLES'),
(1034, '10', '06', '03', 'HERMILIO VALDIZAN'),
(1035, '10', '06', '04', 'JOSE CRESPO Y CASTILLO'),
(1036, '10', '06', '05', 'LUYANDO'),
(1037, '10', '06', '06', 'MARIANO DAMASO BERAUN'),
(1038, '10', '07', '00', 'MARAÑON'),
(1039, '10', '07', '01', 'HUACRACHUCO'),
(1040, '10', '07', '02', 'CHOLON'),
(1041, '10', '07', '03', 'SAN BUENAVENTURA'),
(1042, '10', '08', '00', 'PACHITEA'),
(1043, '10', '08', '01', 'PANAO'),
(1044, '10', '08', '02', 'CHAGLLA'),
(1045, '10', '08', '03', 'MOLINO'),
(1046, '10', '08', '04', 'UMARI'),
(1047, '10', '09', '00', 'PUERTO INCA'),
(1048, '10', '09', '01', 'PUERTO INCA'),
(1049, '10', '09', '02', 'CODO DEL POZUZO'),
(1050, '10', '09', '03', 'HONORIA'),
(1051, '10', '09', '04', 'TOURNAVISTA'),
(1052, '10', '09', '05', 'YUYAPICHIS'),
(1053, '10', '10', '00', 'LAURICOCHA'),
(1054, '10', '10', '01', 'JESUS'),
(1055, '10', '10', '02', 'BAÑOS'),
(1056, '10', '10', '03', 'JIVIA'),
(1057, '10', '10', '04', 'QUEROPALCA'),
(1058, '10', '10', '05', 'RONDOS'),
(1059, '10', '10', '06', 'SAN FRANCISCO DE ASIS'),
(1060, '10', '10', '07', 'SAN MIGUEL DE CAURI'),
(1061, '10', '11', '00', 'YAROWILCA'),
(1062, '10', '11', '01', 'CHAVINILLO'),
(1063, '10', '11', '02', 'CAHUAC'),
(1064, '10', '11', '03', 'CHACABAMBA'),
(1065, '10', '11', '04', 'APARICIO POMARES'),
(1066, '10', '11', '05', 'JACAS CHICO'),
(1067, '10', '11', '06', 'OBAS'),
(1068, '10', '11', '07', 'PAMPAMARCA'),
(1069, '10', '11', '08', 'CHORAS'),
(1070, '11', '00', '00', 'ICA'),
(1071, '11', '01', '00', 'ICA'),
(1072, '11', '01', '01', 'ICA'),
(1073, '11', '01', '02', 'LA TINGUIÑA'),
(1074, '11', '01', '03', 'LOS AQUIJES'),
(1075, '11', '01', '04', 'OCUCAJE'),
(1076, '11', '01', '05', 'PACHACUTEC'),
(1077, '11', '01', '06', 'PARCONA'),
(1078, '11', '01', '07', 'PUEBLO NUEVO'),
(1079, '11', '01', '08', 'SALAS'),
(1080, '11', '01', '09', 'SAN JOSE DE LOS MOLINOS'),
(1081, '11', '01', '10', 'SAN JUAN BAUTISTA'),
(1082, '11', '01', '11', 'SANTIAGO'),
(1083, '11', '01', '12', 'SUBTANJALLA'),
(1084, '11', '01', '13', 'TATE'),
(1085, '11', '01', '14', 'YAUCA DEL ROSARIO'),
(1086, '11', '02', '00', 'CHINCHA'),
(1087, '11', '02', '01', 'CHINCHA ALTA'),
(1088, '11', '02', '02', 'ALTO LARAN'),
(1089, '11', '02', '03', 'CHAVIN'),
(1090, '11', '02', '04', 'CHINCHA BAJA'),
(1091, '11', '02', '05', 'EL CARMEN'),
(1092, '11', '02', '06', 'GROCIO PRADO'),
(1093, '11', '02', '07', 'PUEBLO NUEVO'),
(1094, '11', '02', '08', 'SAN JUAN DE YANAC'),
(1095, '11', '02', '09', 'SAN PEDRO DE HUACARPANA'),
(1096, '11', '02', '10', 'SUNAMPE'),
(1097, '11', '02', '11', 'TAMBO DE MORA'),
(1098, '11', '03', '00', 'NAZCA'),
(1099, '11', '03', '01', 'NAZCA'),
(1100, '11', '03', '02', 'CHANGUILLO'),
(1101, '11', '03', '03', 'EL INGENIO'),
(1102, '11', '03', '04', 'MARCONA'),
(1103, '11', '03', '05', 'VISTA ALEGRE'),
(1104, '11', '04', '00', 'PALPA'),
(1105, '11', '04', '01', 'PALPA'),
(1106, '11', '04', '02', 'LLIPATA'),
(1107, '11', '04', '03', 'RIO GRANDE'),
(1108, '11', '04', '04', 'SANTA CRUZ'),
(1109, '11', '04', '05', 'TIBILLO'),
(1110, '11', '05', '00', 'PISCO'),
(1111, '11', '05', '01', 'PISCO'),
(1112, '11', '05', '02', 'HUANCANO'),
(1113, '11', '05', '03', 'HUMAY'),
(1114, '11', '05', '04', 'INDEPENDENCIA'),
(1115, '11', '05', '05', 'PARACAS'),
(1116, '11', '05', '06', 'SAN ANDRES'),
(1117, '11', '05', '07', 'SAN CLEMENTE'),
(1118, '11', '05', '08', 'TUPAC AMARU INCA'),
(1119, '12', '00', '00', 'JUNIN'),
(1120, '12', '01', '00', 'HUANCAYO'),
(1121, '12', '01', '01', 'HUANCAYO'),
(1122, '12', '01', '04', 'CARHUACALLANGA'),
(1123, '12', '01', '05', 'CHACAPAMPA'),
(1124, '12', '01', '06', 'CHICCHE'),
(1125, '12', '01', '07', 'CHILCA'),
(1126, '12', '01', '08', 'CHONGOS ALTO'),
(1127, '12', '01', '11', 'CHUPURO'),
(1128, '12', '01', '12', 'COLCA'),
(1129, '12', '01', '13', 'CULLHUAS'),
(1130, '12', '01', '14', 'EL TAMBO'),
(1131, '12', '01', '16', 'HUACRAPUQUIO'),
(1132, '12', '01', '17', 'HUALHUAS'),
(1133, '12', '01', '19', 'HUANCAN'),
(1134, '12', '01', '20', 'HUASICANCHA'),
(1135, '12', '01', '21', 'HUAYUCACHI'),
(1136, '12', '01', '22', 'INGENIO'),
(1137, '12', '01', '24', 'PARIAHUANCA'),
(1138, '12', '01', '25', 'PILCOMAYO'),
(1139, '12', '01', '26', 'PUCARA'),
(1140, '12', '01', '27', 'QUICHUAY'),
(1141, '12', '01', '28', 'QUILCAS'),
(1142, '12', '01', '29', 'SAN AGUSTIN'),
(1143, '12', '01', '30', 'SAN JERONIMO DE TUNAN'),
(1144, '12', '01', '32', 'SAÑO'),
(1145, '12', '01', '33', 'SAPALLANGA'),
(1146, '12', '01', '34', 'SICAYA'),
(1147, '12', '01', '35', 'SANTO DOMINGO DE ACOBAMBA'),
(1148, '12', '01', '36', 'VIQUES'),
(1149, '12', '02', '00', 'CONCEPCION'),
(1150, '12', '02', '01', 'CONCEPCION'),
(1151, '12', '02', '02', 'ACO'),
(1152, '12', '02', '03', 'ANDAMARCA'),
(1153, '12', '02', '04', 'CHAMBARA'),
(1154, '12', '02', '05', 'COCHAS'),
(1155, '12', '02', '06', 'COMAS'),
(1156, '12', '02', '07', 'HEROINAS TOLEDO'),
(1157, '12', '02', '08', 'MANZANARES'),
(1158, '12', '02', '09', 'MARISCAL CASTILLA'),
(1159, '12', '02', '10', 'MATAHUASI'),
(1160, '12', '02', '11', 'MITO'),
(1161, '12', '02', '12', 'NUEVE DE JULIO'),
(1162, '12', '02', '13', 'ORCOTUNA'),
(1163, '12', '02', '14', 'SAN JOSE DE QUERO'),
(1164, '12', '02', '15', 'SANTA ROSA DE OCOPA'),
(1165, '12', '03', '00', 'CHANCHAMAYO'),
(1166, '12', '03', '01', 'CHANCHAMAYO'),
(1167, '12', '03', '02', 'PERENE'),
(1168, '12', '03', '03', 'PICHANAQUI'),
(1169, '12', '03', '04', 'SAN LUIS DE SHUARO'),
(1170, '12', '03', '05', 'SAN RAMON'),
(1171, '12', '03', '06', 'VITOC'),
(1172, '12', '04', '00', 'JAUJA'),
(1173, '12', '04', '01', 'JAUJA'),
(1174, '12', '04', '02', 'ACOLLA'),
(1175, '12', '04', '03', 'APATA'),
(1176, '12', '04', '04', 'ATAURA'),
(1177, '12', '04', '05', 'CANCHAYLLO'),
(1178, '12', '04', '06', 'CURICACA'),
(1179, '12', '04', '07', 'EL MANTARO'),
(1180, '12', '04', '08', 'HUAMALI'),
(1181, '12', '04', '09', 'HUARIPAMPA'),
(1182, '12', '04', '10', 'HUERTAS'),
(1183, '12', '04', '11', 'JANJAILLO'),
(1184, '12', '04', '12', 'JULCAN'),
(1185, '12', '04', '13', 'LEONOR ORDOÑEZ'),
(1186, '12', '04', '14', 'LLOCLLAPAMPA'),
(1187, '12', '04', '15', 'MARCO'),
(1188, '12', '04', '16', 'MASMA'),
(1189, '12', '04', '17', 'MASMA CHICCHE'),
(1190, '12', '04', '18', 'MOLINOS'),
(1191, '12', '04', '19', 'MONOBAMBA'),
(1192, '12', '04', '20', 'MUQUI'),
(1193, '12', '04', '21', 'MUQUIYAUYO'),
(1194, '12', '04', '22', 'PACA'),
(1195, '12', '04', '23', 'PACCHA'),
(1196, '12', '04', '24', 'PANCAN'),
(1197, '12', '04', '25', 'PARCO'),
(1198, '12', '04', '26', 'POMACANCHA'),
(1199, '12', '04', '27', 'RICRAN'),
(1200, '12', '04', '28', 'SAN LORENZO'),
(1201, '12', '04', '29', 'SAN PEDRO DE CHUNAN'),
(1202, '12', '04', '30', 'SAUSA'),
(1203, '12', '04', '31', 'SINCOS'),
(1204, '12', '04', '32', 'TUNAN MARCA'),
(1205, '12', '04', '33', 'YAULI'),
(1206, '12', '04', '34', 'YAUYOS'),
(1207, '12', '05', '00', 'JUNIN'),
(1208, '12', '05', '01', 'JUNIN'),
(1209, '12', '05', '02', 'CARHUAMAYO'),
(1210, '12', '05', '03', 'ONDORES'),
(1211, '12', '05', '04', 'ULCUMAYO'),
(1212, '12', '06', '00', 'SATIPO'),
(1213, '12', '06', '01', 'SATIPO'),
(1214, '12', '06', '02', 'COVIRIALI'),
(1215, '12', '06', '03', 'LLAYLLA'),
(1216, '12', '06', '04', 'MAZAMARI'),
(1217, '12', '06', '05', 'PAMPA HERMOSA'),
(1218, '12', '06', '06', 'PANGOA'),
(1219, '12', '06', '07', 'RIO NEGRO'),
(1220, '12', '06', '08', 'RIO TAMBO'),
(1221, '12', '07', '00', 'TARMA'),
(1222, '12', '07', '01', 'TARMA'),
(1223, '12', '07', '02', 'ACOBAMBA'),
(1224, '12', '07', '03', 'HUARICOLCA'),
(1225, '12', '07', '04', 'HUASAHUASI'),
(1226, '12', '07', '05', 'LA UNION'),
(1227, '12', '07', '06', 'PALCA'),
(1228, '12', '07', '07', 'PALCAMAYO'),
(1229, '12', '07', '08', 'SAN PEDRO DE CAJAS'),
(1230, '12', '07', '09', 'TAPO'),
(1231, '12', '08', '00', 'YAULI'),
(1232, '12', '08', '01', 'LA OROYA'),
(1233, '12', '08', '02', 'CHACAPALPA'),
(1234, '12', '08', '03', 'HUAY-HUAY'),
(1235, '12', '08', '04', 'MARCAPOMACOCHA'),
(1236, '12', '08', '05', 'MOROCOCHA'),
(1237, '12', '08', '06', 'PACCHA'),
(1238, '12', '08', '07', 'SANTA BARBARA DE CARHUACAYAN'),
(1239, '12', '08', '08', 'SANTA ROSA DE SACCO'),
(1240, '12', '08', '09', 'SUITUCANCHA'),
(1241, '12', '08', '10', 'YAULI'),
(1242, '12', '09', '00', 'CHUPACA'),
(1243, '12', '09', '01', 'CHUPACA'),
(1244, '12', '09', '02', 'AHUAC'),
(1245, '12', '09', '03', 'CHONGOS BAJO'),
(1246, '12', '09', '04', 'HUACHAC'),
(1247, '12', '09', '05', 'HUAMANCACA CHICO'),
(1248, '12', '09', '06', 'SAN JUAN DE YSCOS'),
(1249, '12', '09', '07', 'SAN JUAN DE JARPA'),
(1250, '12', '09', '08', 'TRES DE DICIEMBRE'),
(1251, '12', '09', '09', 'YANACANCHA'),
(1252, '13', '00', '00', 'LA LIBERTAD'),
(1253, '13', '01', '00', 'TRUJILLO'),
(1254, '13', '01', '01', 'TRUJILLO'),
(1255, '13', '01', '02', 'EL PORVENIR'),
(1256, '13', '01', '03', 'FLORENCIA DE MORA'),
(1257, '13', '01', '04', 'HUANCHACO'),
(1258, '13', '01', '05', 'LA ESPERANZA'),
(1259, '13', '01', '06', 'LAREDO'),
(1260, '13', '01', '07', 'MOCHE'),
(1261, '13', '01', '08', 'POROTO'),
(1262, '13', '01', '09', 'SALAVERRY'),
(1263, '13', '01', '10', 'SIMBAL'),
(1264, '13', '01', '11', 'VICTOR LARCO HERRERA'),
(1265, '13', '02', '00', 'ASCOPE'),
(1266, '13', '02', '01', 'ASCOPE'),
(1267, '13', '02', '02', 'CHICAMA'),
(1268, '13', '02', '03', 'CHOCOPE'),
(1269, '13', '02', '04', 'MAGDALENA DE CAO'),
(1270, '13', '02', '05', 'PAIJAN'),
(1271, '13', '02', '06', 'RAZURI'),
(1272, '13', '02', '07', 'SANTIAGO DE CAO'),
(1273, '13', '02', '08', 'CASA GRANDE'),
(1274, '13', '03', '00', 'BOLIVAR'),
(1275, '13', '03', '01', 'BOLIVAR'),
(1276, '13', '03', '02', 'BAMBAMARCA'),
(1277, '13', '03', '03', 'CONDORMARCA'),
(1278, '13', '03', '04', 'LONGOTEA'),
(1279, '13', '03', '05', 'UCHUMARCA'),
(1280, '13', '03', '06', 'UCUNCHA'),
(1281, '13', '04', '00', 'CHEPEN'),
(1282, '13', '04', '01', 'CHEPEN'),
(1283, '13', '04', '02', 'PACANGA'),
(1284, '13', '04', '03', 'PUEBLO NUEVO'),
(1285, '13', '05', '00', 'JULCAN'),
(1286, '13', '05', '01', 'JULCAN'),
(1287, '13', '05', '02', 'CALAMARCA'),
(1288, '13', '05', '03', 'CARABAMBA'),
(1289, '13', '05', '04', 'HUASO'),
(1290, '13', '06', '00', 'OTUZCO'),
(1291, '13', '06', '01', 'OTUZCO'),
(1292, '13', '06', '02', 'AGALLPAMPA'),
(1293, '13', '06', '04', 'CHARAT'),
(1294, '13', '06', '05', 'HUARANCHAL'),
(1295, '13', '06', '06', 'LA CUESTA'),
(1296, '13', '06', '08', 'MACHE'),
(1297, '13', '06', '10', 'PARANDAY'),
(1298, '13', '06', '11', 'SALPO'),
(1299, '13', '06', '13', 'SINSICAP'),
(1300, '13', '06', '14', 'USQUIL'),
(1301, '13', '07', '00', 'PACASMAYO'),
(1302, '13', '07', '01', 'SAN PEDRO DE LLOC'),
(1303, '13', '07', '02', 'GUADALUPE'),
(1304, '13', '07', '03', 'JEQUETEPEQUE'),
(1305, '13', '07', '04', 'PACASMAYO'),
(1306, '13', '07', '05', 'SAN JOSE'),
(1307, '13', '08', '00', 'PATAZ'),
(1308, '13', '08', '01', 'TAYABAMBA'),
(1309, '13', '08', '02', 'BULDIBUYO'),
(1310, '13', '08', '03', 'CHILLIA'),
(1311, '13', '08', '04', 'HUANCASPATA'),
(1312, '13', '08', '05', 'HUAYLILLAS'),
(1313, '13', '08', '06', 'HUAYO'),
(1314, '13', '08', '07', 'ONGON'),
(1315, '13', '08', '08', 'PARCOY'),
(1316, '13', '08', '09', 'PATAZ'),
(1317, '13', '08', '10', 'PIAS'),
(1318, '13', '08', '11', 'SANTIAGO DE CHALLAS'),
(1319, '13', '08', '12', 'TAURIJA'),
(1320, '13', '08', '13', 'URPAY'),
(1321, '13', '09', '00', 'SANCHEZ CARRION'),
(1322, '13', '09', '01', 'HUAMACHUCO'),
(1323, '13', '09', '02', 'CHUGAY'),
(1324, '13', '09', '03', 'COCHORCO'),
(1325, '13', '09', '04', 'CURGOS'),
(1326, '13', '09', '05', 'MARCABAL'),
(1327, '13', '09', '06', 'SANAGORAN'),
(1328, '13', '09', '07', 'SARIN'),
(1329, '13', '09', '08', 'SARTIMBAMBA'),
(1330, '13', '10', '00', 'SANTIAGO DE CHUCO'),
(1331, '13', '10', '01', 'SANTIAGO DE CHUCO'),
(1332, '13', '10', '02', 'ANGASMARCA'),
(1333, '13', '10', '03', 'CACHICADAN'),
(1334, '13', '10', '04', 'MOLLEBAMBA'),
(1335, '13', '10', '05', 'MOLLEPATA'),
(1336, '13', '10', '06', 'QUIRUVILCA'),
(1337, '13', '10', '07', 'SANTA CRUZ DE CHUCA'),
(1338, '13', '10', '08', 'SITABAMBA'),
(1339, '13', '11', '00', 'GRAN CHIMU'),
(1340, '13', '11', '01', 'CASCAS'),
(1341, '13', '11', '02', 'LUCMA'),
(1342, '13', '11', '03', 'COMPIN'),
(1343, '13', '11', '04', 'SAYAPULLO'),
(1344, '13', '12', '00', 'VIRU'),
(1345, '13', '12', '01', 'VIRU'),
(1346, '13', '12', '02', 'CHAO'),
(1347, '13', '12', '03', 'GUADALUPITO'),
(1348, '14', '00', '00', 'LAMBAYEQUE'),
(1349, '14', '01', '00', 'CHICLAYO'),
(1350, '14', '01', '01', 'CHICLAYO'),
(1351, '14', '01', '02', 'CHONGOYAPE'),
(1352, '14', '01', '03', 'ETEN'),
(1353, '14', '01', '04', 'ETEN PUERTO'),
(1354, '14', '01', '05', 'JOSE LEONARDO ORTIZ'),
(1355, '14', '01', '06', 'LA VICTORIA'),
(1356, '14', '01', '07', 'LAGUNAS'),
(1357, '14', '01', '08', 'MONSEFU'),
(1358, '14', '01', '09', 'NUEVA ARICA'),
(1359, '14', '01', '10', 'OYOTUN'),
(1360, '14', '01', '11', 'PICSI'),
(1361, '14', '01', '12', 'PIMENTEL'),
(1362, '14', '01', '13', 'REQUE'),
(1363, '14', '01', '14', 'SANTA ROSA'),
(1364, '14', '01', '15', 'SAÑA'),
(1365, '14', '01', '16', 'CAYALTI'),
(1366, '14', '01', '17', 'PATAPO'),
(1367, '14', '01', '18', 'POMALCA'),
(1368, '14', '01', '19', 'PUCALA'),
(1369, '14', '01', '20', 'TUMAN'),
(1370, '14', '02', '00', 'FERREÑAFE'),
(1371, '14', '02', '01', 'FERREÑAFE'),
(1372, '14', '02', '02', 'CAÑARIS'),
(1373, '14', '02', '03', 'INCAHUASI'),
(1374, '14', '02', '04', 'MANUEL ANTONIO MESONES MURO'),
(1375, '14', '02', '05', 'PITIPO'),
(1376, '14', '02', '06', 'PUEBLO NUEVO'),
(1377, '14', '03', '00', 'LAMBAYEQUE'),
(1378, '14', '03', '01', 'LAMBAYEQUE'),
(1379, '14', '03', '02', 'CHOCHOPE'),
(1380, '14', '03', '03', 'ILLIMO'),
(1381, '14', '03', '04', 'JAYANCA'),
(1382, '14', '03', '05', 'MOCHUMI'),
(1383, '14', '03', '06', 'MORROPE'),
(1384, '14', '03', '07', 'MOTUPE'),
(1385, '14', '03', '08', 'OLMOS');
INSERT INTO `ubigeo` (`ORDEN`, `dep`, `prov`, `dist`, `nombre`) VALUES
(1386, '14', '03', '09', 'PACORA'),
(1387, '14', '03', '10', 'SALAS'),
(1388, '14', '03', '11', 'SAN JOSE'),
(1389, '14', '03', '12', 'TUCUME'),
(1390, '15', '00', '00', 'LIMA'),
(1391, '15', '01', '00', 'LIMA'),
(1392, '15', '01', '01', 'LIMA'),
(1393, '15', '01', '02', 'ANCON'),
(1394, '15', '01', '03', 'ATE'),
(1395, '15', '01', '04', 'BARRANCO'),
(1396, '15', '01', '05', 'BREÑA'),
(1397, '15', '01', '06', 'CARABAYLLO'),
(1398, '15', '01', '07', 'CHACLACAYO'),
(1399, '15', '01', '08', 'CHORRILLOS'),
(1400, '15', '01', '09', 'CIENEGUILLA'),
(1401, '15', '01', '10', 'COMAS'),
(1402, '15', '01', '11', 'EL AGUSTINO'),
(1403, '15', '01', '12', 'INDEPENDENCIA'),
(1404, '15', '01', '13', 'JESUS MARIA'),
(1405, '15', '01', '14', 'LA MOLINA'),
(1406, '15', '01', '15', 'LA VICTORIA'),
(1407, '15', '01', '16', 'LINCE'),
(1408, '15', '01', '17', 'LOS OLIVOS'),
(1409, '15', '01', '18', 'LURIGANCHO'),
(1410, '15', '01', '19', 'LURIN'),
(1411, '15', '01', '20', 'MAGDALENA DEL MAR'),
(1412, '15', '01', '21', 'MAGDALENA VIEJA'),
(1413, '15', '01', '22', 'MIRAFLORES'),
(1414, '15', '01', '23', 'PACHACAMAC'),
(1415, '15', '01', '24', 'PUCUSANA'),
(1416, '15', '01', '25', 'PUENTE PIEDRA'),
(1417, '15', '01', '26', 'PUNTA HERMOSA'),
(1418, '15', '01', '27', 'PUNTA NEGRA'),
(1419, '15', '01', '28', 'RIMAC'),
(1420, '15', '01', '29', 'SAN BARTOLO'),
(1421, '15', '01', '30', 'SAN BORJA'),
(1422, '15', '01', '31', 'SAN ISIDRO'),
(1423, '15', '01', '32', 'SAN JUAN DE LURIGANCHO'),
(1424, '15', '01', '33', 'SAN JUAN DE MIRAFLORES'),
(1425, '15', '01', '34', 'SAN LUIS'),
(1426, '15', '01', '35', 'SAN MARTIN DE PORRES'),
(1427, '15', '01', '36', 'SAN MIGUEL'),
(1428, '15', '01', '37', 'SANTA ANITA'),
(1429, '15', '01', '38', 'SANTA MARIA DEL MAR'),
(1430, '15', '01', '39', 'SANTA ROSA'),
(1431, '15', '01', '40', 'SANTIAGO DE SURCO'),
(1432, '15', '01', '41', 'SURQUILLO'),
(1433, '15', '01', '42', 'VILLA EL SALVADOR'),
(1434, '15', '01', '43', 'VILLA MARIA DEL TRIUNFO'),
(1435, '15', '02', '00', 'BARRANCA'),
(1436, '15', '02', '01', 'BARRANCA'),
(1437, '15', '02', '02', 'PARAMONGA'),
(1438, '15', '02', '03', 'PATIVILCA'),
(1439, '15', '02', '04', 'SUPE'),
(1440, '15', '02', '05', 'SUPE PUERTO'),
(1441, '15', '03', '00', 'CAJATAMBO'),
(1442, '15', '03', '01', 'CAJATAMBO'),
(1443, '15', '03', '02', 'COPA'),
(1444, '15', '03', '03', 'GORGOR'),
(1445, '15', '03', '04', 'HUANCAPON'),
(1446, '15', '03', '05', 'MANAS'),
(1447, '15', '04', '00', 'CANTA'),
(1448, '15', '04', '01', 'CANTA'),
(1449, '15', '04', '02', 'ARAHUAY'),
(1450, '15', '04', '03', 'HUAMANTANGA'),
(1451, '15', '04', '04', 'HUAROS'),
(1452, '15', '04', '05', 'LACHAQUI'),
(1453, '15', '04', '06', 'SAN BUENAVENTURA'),
(1454, '15', '04', '07', 'SANTA ROSA DE QUIVES'),
(1455, '15', '05', '00', 'CAÑETE'),
(1456, '15', '05', '01', 'SAN VICENTE DE CAÑETE'),
(1457, '15', '05', '02', 'ASIA'),
(1458, '15', '05', '03', 'CALANGO'),
(1459, '15', '05', '04', 'CERRO AZUL'),
(1460, '15', '05', '05', 'CHILCA'),
(1461, '15', '05', '06', 'COAYLLO'),
(1462, '15', '05', '07', 'IMPERIAL'),
(1463, '15', '05', '08', 'LUNAHUANA'),
(1464, '15', '05', '09', 'MALA'),
(1465, '15', '05', '10', 'NUEVO IMPERIAL'),
(1466, '15', '05', '11', 'PACARAN'),
(1467, '15', '05', '12', 'QUILMANA'),
(1468, '15', '05', '13', 'SAN ANTONIO'),
(1469, '15', '05', '14', 'SAN LUIS'),
(1470, '15', '05', '15', 'SANTA CRUZ DE FLORES'),
(1471, '15', '05', '16', 'ZUÑIGA'),
(1472, '15', '06', '00', 'HUARAL'),
(1473, '15', '06', '01', 'HUARAL'),
(1474, '15', '06', '02', 'ATAVILLOS ALTO'),
(1475, '15', '06', '03', 'ATAVILLOS BAJO'),
(1476, '15', '06', '04', 'AUCALLAMA'),
(1477, '15', '06', '05', 'CHANCAY'),
(1478, '15', '06', '06', 'IHUARI'),
(1479, '15', '06', '07', 'LAMPIAN'),
(1480, '15', '06', '08', 'PACARAOS'),
(1481, '15', '06', '09', 'SAN MIGUEL DE ACOS'),
(1482, '15', '06', '10', 'SANTA CRUZ DE ANDAMARCA'),
(1483, '15', '06', '11', 'SUMBILCA'),
(1484, '15', '06', '12', 'VEINTISIETE DE NOVIEMBRE'),
(1485, '15', '07', '00', 'HUAROCHIRI'),
(1486, '15', '07', '01', 'MATUCANA'),
(1487, '15', '07', '02', 'ANTIOQUIA'),
(1488, '15', '07', '03', 'CALLAHUANCA'),
(1489, '15', '07', '04', 'CARAMPOMA'),
(1490, '15', '07', '05', 'CHICLA'),
(1491, '15', '07', '06', 'CUENCA'),
(1492, '15', '07', '07', 'HUACHUPAMPA'),
(1493, '15', '07', '08', 'HUANZA'),
(1494, '15', '07', '09', 'HUAROCHIRI'),
(1495, '15', '07', '10', 'LAHUAYTAMBO'),
(1496, '15', '07', '11', 'LANGA'),
(1497, '15', '07', '12', 'LARAOS'),
(1498, '15', '07', '13', 'MARIATANA'),
(1499, '15', '07', '14', 'RICARDO PALMA'),
(1500, '15', '07', '15', 'SAN ANDRES DE TUPICOCHA'),
(1501, '15', '07', '16', 'SAN ANTONIO'),
(1502, '15', '07', '17', 'SAN BARTOLOME'),
(1503, '15', '07', '18', 'SAN DAMIAN'),
(1504, '15', '07', '19', 'SAN JUAN DE IRIS'),
(1505, '15', '07', '20', 'SAN JUAN DE TANTARANCHE'),
(1506, '15', '07', '21', 'SAN LORENZO DE QUINTI'),
(1507, '15', '07', '22', 'SAN MATEO'),
(1508, '15', '07', '23', 'SAN MATEO DE OTAO'),
(1509, '15', '07', '24', 'SAN PEDRO DE CASTA'),
(1510, '15', '07', '25', 'SAN PEDRO DE HUANCAYRE'),
(1511, '15', '07', '26', 'SANGALLAYA'),
(1512, '15', '07', '27', 'SANTA CRUZ DE COCACHACRA'),
(1513, '15', '07', '28', 'SANTA EULALIA'),
(1514, '15', '07', '29', 'SANTIAGO DE ANCHUCAYA'),
(1515, '15', '07', '30', 'SANTIAGO DE TUNA'),
(1516, '15', '07', '31', 'SANTO DOMINGO DE LOS OLLEROS'),
(1517, '15', '07', '32', 'SURCO'),
(1518, '15', '08', '00', 'HUAURA'),
(1519, '15', '08', '01', 'HUACHO'),
(1520, '15', '08', '02', 'AMBAR'),
(1521, '15', '08', '03', 'CALETA DE CARQUIN'),
(1522, '15', '08', '04', 'CHECRAS'),
(1523, '15', '08', '05', 'HUALMAY'),
(1524, '15', '08', '06', 'HUAURA'),
(1525, '15', '08', '07', 'LEONCIO PRADO'),
(1526, '15', '08', '08', 'PACCHO'),
(1527, '15', '08', '09', 'SANTA LEONOR'),
(1528, '15', '08', '10', 'SANTA MARIA'),
(1529, '15', '08', '11', 'SAYAN'),
(1530, '15', '08', '12', 'VEGUETA'),
(1531, '15', '09', '00', 'OYON'),
(1532, '15', '09', '01', 'OYON'),
(1533, '15', '09', '02', 'ANDAJES'),
(1534, '15', '09', '03', 'CAUJUL'),
(1535, '15', '09', '04', 'COCHAMARCA'),
(1536, '15', '09', '05', 'NAVAN'),
(1537, '15', '09', '06', 'PACHANGARA'),
(1538, '15', '10', '00', 'YAUYOS'),
(1539, '15', '10', '01', 'YAUYOS'),
(1540, '15', '10', '02', 'ALIS'),
(1541, '15', '10', '03', 'AYAUCA'),
(1542, '15', '10', '04', 'AYAVIRI'),
(1543, '15', '10', '05', 'AZANGARO'),
(1544, '15', '10', '06', 'CACRA'),
(1545, '15', '10', '07', 'CARANIA'),
(1546, '15', '10', '08', 'CATAHUASI'),
(1547, '15', '10', '09', 'CHOCOS'),
(1548, '15', '10', '10', 'COCHAS'),
(1549, '15', '10', '11', 'COLONIA'),
(1550, '15', '10', '12', 'HONGOS'),
(1551, '15', '10', '13', 'HUAMPARA'),
(1552, '15', '10', '14', 'HUANCAYA'),
(1553, '15', '10', '15', 'HUANGASCAR'),
(1554, '15', '10', '16', 'HUANTAN'),
(1555, '15', '10', '17', 'HUAÑEC'),
(1556, '15', '10', '18', 'LARAOS'),
(1557, '15', '10', '19', 'LINCHA'),
(1558, '15', '10', '20', 'MADEAN'),
(1559, '15', '10', '21', 'MIRAFLORES'),
(1560, '15', '10', '22', 'OMAS'),
(1561, '15', '10', '23', 'PUTINZA'),
(1562, '15', '10', '24', 'QUINCHES'),
(1563, '15', '10', '25', 'QUINOCAY'),
(1564, '15', '10', '26', 'SAN JOAQUIN'),
(1565, '15', '10', '27', 'SAN PEDRO DE PILAS'),
(1566, '15', '10', '28', 'TANTA'),
(1567, '15', '10', '29', 'TAURIPAMPA'),
(1568, '15', '10', '30', 'TOMAS'),
(1569, '15', '10', '31', 'TUPE'),
(1570, '15', '10', '32', 'VIÑAC'),
(1571, '15', '10', '33', 'VITIS'),
(1572, '16', '00', '00', 'LORETO'),
(1573, '16', '01', '00', 'MAYNAS'),
(1574, '16', '01', '01', 'IQUITOS'),
(1575, '16', '01', '02', 'ALTO NANAY'),
(1576, '16', '01', '03', 'FERNANDO LORES'),
(1577, '16', '01', '04', 'INDIANA'),
(1578, '16', '01', '05', 'LAS AMAZONAS'),
(1579, '16', '01', '06', 'MAZAN'),
(1580, '16', '01', '07', 'NAPO'),
(1581, '16', '01', '08', 'PUNCHANA'),
(1582, '16', '01', '09', 'PUTUMAYO'),
(1583, '16', '01', '10', 'TORRES CAUSANA'),
(1584, '16', '01', '12', 'BELEN'),
(1585, '16', '01', '13', 'SAN JUAN BAUTISTA'),
(1586, '16', '01', '14', 'TENIENTE MANUEL CLAVERO'),
(1587, '16', '02', '00', 'ALTO AMAZONAS'),
(1588, '16', '02', '01', 'YURIMAGUAS'),
(1589, '16', '02', '02', 'BALSAPUERTO'),
(1590, '16', '02', '05', 'JEBEROS'),
(1591, '16', '02', '06', 'LAGUNAS'),
(1592, '16', '02', '10', 'SANTA CRUZ'),
(1593, '16', '02', '11', 'TENIENTE CESAR LOPEZ ROJAS'),
(1594, '16', '03', '00', 'LORETO'),
(1595, '16', '03', '01', 'NAUTA'),
(1596, '16', '03', '02', 'PARINARI'),
(1597, '16', '03', '03', 'TIGRE'),
(1598, '16', '03', '04', 'TROMPETEROS'),
(1599, '16', '03', '05', 'URARINAS'),
(1600, '16', '04', '00', 'MARISCAL RAMON CASTILLA'),
(1601, '16', '04', '01', 'RAMON CASTILLA'),
(1602, '16', '04', '02', 'PEBAS'),
(1603, '16', '04', '03', 'YAVARI'),
(1604, '16', '04', '04', 'SAN PABLO'),
(1605, '16', '05', '00', 'REQUENA'),
(1606, '16', '05', '01', 'REQUENA'),
(1607, '16', '05', '02', 'ALTO TAPICHE'),
(1608, '16', '05', '03', 'CAPELO'),
(1609, '16', '05', '04', 'EMILIO SAN MARTIN'),
(1610, '16', '05', '05', 'MAQUIA'),
(1611, '16', '05', '06', 'PUINAHUA'),
(1612, '16', '05', '07', 'SAQUENA'),
(1613, '16', '05', '08', 'SOPLIN'),
(1614, '16', '05', '09', 'TAPICHE'),
(1615, '16', '05', '10', 'JENARO HERRERA'),
(1616, '16', '05', '11', 'YAQUERANA'),
(1617, '16', '06', '00', 'UCAYALI'),
(1618, '16', '06', '01', 'CONTAMANA'),
(1619, '16', '06', '02', 'INAHUAYA'),
(1620, '16', '06', '03', 'PADRE MARQUEZ'),
(1621, '16', '06', '04', 'PAMPA HERMOSA'),
(1622, '16', '06', '05', 'SARAYACU'),
(1623, '16', '06', '06', 'VARGAS GUERRA'),
(1624, '16', '07', '00', 'DATEM DEL MARAÑON'),
(1625, '16', '07', '01', 'BARRANCA'),
(1626, '16', '07', '02', 'CAHUAPANAS'),
(1627, '16', '07', '03', 'MANSERICHE'),
(1628, '16', '07', '04', 'MORONA'),
(1629, '16', '07', '05', 'PASTAZA'),
(1630, '16', '07', '06', 'ANDOAS'),
(1631, '17', '00', '00', 'MADRE DE DIOS'),
(1632, '17', '01', '00', 'TAMBOPATA'),
(1633, '17', '01', '01', 'TAMBOPATA'),
(1634, '17', '01', '02', 'INAMBARI'),
(1635, '17', '01', '03', 'LAS PIEDRAS'),
(1636, '17', '01', '04', 'LABERINTO'),
(1637, '17', '02', '00', 'MANU'),
(1638, '17', '02', '01', 'MANU'),
(1639, '17', '02', '02', 'FITZCARRALD'),
(1640, '17', '02', '03', 'MADRE DE DIOS'),
(1641, '17', '02', '04', 'HUEPETUHE'),
(1642, '17', '03', '00', 'TAHUAMANU'),
(1643, '17', '03', '01', 'IÑAPARI'),
(1644, '17', '03', '02', 'IBERIA'),
(1645, '17', '03', '03', 'TAHUAMANU'),
(1646, '18', '00', '00', 'MOQUEGUA'),
(1647, '18', '01', '00', 'MARISCAL NIETO'),
(1648, '18', '01', '01', 'MOQUEGUA'),
(1649, '18', '01', '02', 'CARUMAS'),
(1650, '18', '01', '03', 'CUCHUMBAYA'),
(1651, '18', '01', '04', 'SAMEGUA'),
(1652, '18', '01', '05', 'SAN CRISTOBAL'),
(1653, '18', '01', '06', 'TORATA'),
(1654, '18', '02', '00', 'GENERAL SANCHEZ CERRO'),
(1655, '18', '02', '01', 'OMATE'),
(1656, '18', '02', '02', 'CHOJATA'),
(1657, '18', '02', '03', 'COALAQUE'),
(1658, '18', '02', '04', 'ICHUÑA'),
(1659, '18', '02', '05', 'LA CAPILLA'),
(1660, '18', '02', '06', 'LLOQUE'),
(1661, '18', '02', '07', 'MATALAQUE'),
(1662, '18', '02', '08', 'PUQUINA'),
(1663, '18', '02', '09', 'QUINISTAQUILLAS'),
(1664, '18', '02', '10', 'UBINAS'),
(1665, '18', '02', '11', 'YUNGA'),
(1666, '18', '03', '00', 'ILO'),
(1667, '18', '03', '01', 'ILO'),
(1668, '18', '03', '02', 'EL ALGARROBAL'),
(1669, '18', '03', '03', 'PACOCHA'),
(1670, '19', '00', '00', 'PASCO'),
(1671, '19', '01', '00', 'PASCO'),
(1672, '19', '01', '01', 'CHAUPIMARCA'),
(1673, '19', '01', '02', 'HUACHON'),
(1674, '19', '01', '03', 'HUARIACA'),
(1675, '19', '01', '04', 'HUAYLLAY'),
(1676, '19', '01', '05', 'NINACACA'),
(1677, '19', '01', '06', 'PALLANCHACRA'),
(1678, '19', '01', '07', 'PAUCARTAMBO'),
(1679, '19', '01', '08', 'SAN FRANCISCO DE ASIS DE YARUSYACAN'),
(1680, '19', '01', '09', 'SIMON BOLIVAR'),
(1681, '19', '01', '10', 'TICLACAYAN'),
(1682, '19', '01', '11', 'TINYAHUARCO'),
(1683, '19', '01', '12', 'VICCO'),
(1684, '19', '01', '13', 'YANACANCHA'),
(1685, '19', '02', '00', 'DANIEL ALCIDES CARRION'),
(1686, '19', '02', '01', 'YANAHUANCA'),
(1687, '19', '02', '02', 'CHACAYAN'),
(1688, '19', '02', '03', 'GOYLLARISQUIZGA'),
(1689, '19', '02', '04', 'PAUCAR'),
(1690, '19', '02', '05', 'SAN PEDRO DE PILLAO'),
(1691, '19', '02', '06', 'SANTA ANA DE TUSI'),
(1692, '19', '02', '07', 'TAPUC'),
(1693, '19', '02', '08', 'VILCABAMBA'),
(1694, '19', '03', '00', 'OXAPAMPA'),
(1695, '19', '03', '01', 'OXAPAMPA'),
(1696, '19', '03', '02', 'CHONTABAMBA'),
(1697, '19', '03', '03', 'HUANCABAMBA'),
(1698, '19', '03', '04', 'PALCAZU'),
(1699, '19', '03', '05', 'POZUZO'),
(1700, '19', '03', '06', 'PUERTO BERMUDEZ'),
(1701, '19', '03', '07', 'VILLA RICA'),
(1702, '20', '00', '00', 'PIURA'),
(1703, '20', '01', '00', 'PIURA'),
(1704, '20', '01', '01', 'PIURA'),
(1705, '20', '01', '04', 'CASTILLA'),
(1706, '20', '01', '05', 'CATACAOS'),
(1707, '20', '01', '07', 'CURA MORI'),
(1708, '20', '01', '08', 'EL TALLAN'),
(1709, '20', '01', '09', 'LA ARENA'),
(1710, '20', '01', '10', 'LA UNION'),
(1711, '20', '01', '11', 'LAS LOMAS'),
(1712, '20', '01', '14', 'TAMBO GRANDE'),
(1713, '20', '02', '00', 'AYABACA'),
(1714, '20', '02', '01', 'AYABACA'),
(1715, '20', '02', '02', 'FRIAS'),
(1716, '20', '02', '03', 'JILILI'),
(1717, '20', '02', '04', 'LAGUNAS'),
(1718, '20', '02', '05', 'MONTERO'),
(1719, '20', '02', '06', 'PACAIPAMPA'),
(1720, '20', '02', '07', 'PAIMAS'),
(1721, '20', '02', '08', 'SAPILLICA'),
(1722, '20', '02', '09', 'SICCHEZ'),
(1723, '20', '02', '10', 'SUYO'),
(1724, '20', '03', '00', 'HUANCABAMBA'),
(1725, '20', '03', '01', 'HUANCABAMBA'),
(1726, '20', '03', '02', 'CANCHAQUE'),
(1727, '20', '03', '03', 'EL CARMEN DE LA FRONTERA'),
(1728, '20', '03', '04', 'HUARMACA'),
(1729, '20', '03', '05', 'LALAQUIZ'),
(1730, '20', '03', '06', 'SAN MIGUEL DE EL FAIQUE'),
(1731, '20', '03', '07', 'SONDOR'),
(1732, '20', '03', '08', 'SONDORILLO'),
(1733, '20', '04', '00', 'MORROPON'),
(1734, '20', '04', '01', 'CHULUCANAS'),
(1735, '20', '04', '02', 'BUENOS AIRES'),
(1736, '20', '04', '03', 'CHALACO'),
(1737, '20', '04', '04', 'LA MATANZA'),
(1738, '20', '04', '05', 'MORROPON'),
(1739, '20', '04', '06', 'SALITRAL'),
(1740, '20', '04', '07', 'SAN JUAN DE BIGOTE'),
(1741, '20', '04', '08', 'SANTA CATALINA DE MOSSA'),
(1742, '20', '04', '09', 'SANTO DOMINGO'),
(1743, '20', '04', '10', 'YAMANGO'),
(1744, '20', '05', '00', 'PAITA'),
(1745, '20', '05', '01', 'PAITA'),
(1746, '20', '05', '02', 'AMOTAPE'),
(1747, '20', '05', '03', 'ARENAL'),
(1748, '20', '05', '04', 'COLAN'),
(1749, '20', '05', '05', 'LA HUACA'),
(1750, '20', '05', '06', 'TAMARINDO'),
(1751, '20', '05', '07', 'VICHAYAL'),
(1752, '20', '06', '00', 'SULLANA'),
(1753, '20', '06', '01', 'SULLANA'),
(1754, '20', '06', '02', 'BELLAVISTA'),
(1755, '20', '06', '03', 'IGNACIO ESCUDERO'),
(1756, '20', '06', '04', 'LANCONES'),
(1757, '20', '06', '05', 'MARCAVELICA'),
(1758, '20', '06', '06', 'MIGUEL CHECA'),
(1759, '20', '06', '07', 'QUERECOTILLO'),
(1760, '20', '06', '08', 'SALITRAL'),
(1761, '20', '07', '00', 'TALARA'),
(1762, '20', '07', '01', 'PARIÑAS'),
(1763, '20', '07', '02', 'EL ALTO'),
(1764, '20', '07', '03', 'LA BREA'),
(1765, '20', '07', '04', 'LOBITOS'),
(1766, '20', '07', '05', 'LOS ORGANOS'),
(1767, '20', '07', '06', 'MANCORA'),
(1768, '20', '08', '00', 'SECHURA'),
(1769, '20', '08', '01', 'SECHURA'),
(1770, '20', '08', '02', 'BELLAVISTA DE LA UNION'),
(1771, '20', '08', '03', 'BERNAL'),
(1772, '20', '08', '04', 'CRISTO NOS VALGA'),
(1773, '20', '08', '05', 'VICE'),
(1774, '20', '08', '06', 'RINCONADA LLICUAR'),
(1775, '21', '00', '00', 'PUNO'),
(1776, '21', '01', '00', 'PUNO'),
(1777, '21', '01', '01', 'PUNO'),
(1778, '21', '01', '02', 'ACORA'),
(1779, '21', '01', '03', 'AMANTANI'),
(1780, '21', '01', '04', 'ATUNCOLLA'),
(1781, '21', '01', '05', 'CAPACHICA'),
(1782, '21', '01', '06', 'CHUCUITO'),
(1783, '21', '01', '07', 'COATA'),
(1784, '21', '01', '08', 'HUATA'),
(1785, '21', '01', '09', 'MAÑAZO'),
(1786, '21', '01', '10', 'PAUCARCOLLA'),
(1787, '21', '01', '11', 'PICHACANI'),
(1788, '21', '01', '12', 'PLATERIA'),
(1789, '21', '01', '13', 'SAN ANTONIO'),
(1790, '21', '01', '14', 'TIQUILLACA'),
(1791, '21', '01', '15', 'VILQUE'),
(1792, '21', '02', '00', 'AZANGARO'),
(1793, '21', '02', '01', 'AZANGARO'),
(1794, '21', '02', '02', 'ACHAYA'),
(1795, '21', '02', '03', 'ARAPA'),
(1796, '21', '02', '04', 'ASILLO'),
(1797, '21', '02', '05', 'CAMINACA'),
(1798, '21', '02', '06', 'CHUPA'),
(1799, '21', '02', '07', 'JOSE DOMINGO CHOQUEHUANCA'),
(1800, '21', '02', '08', 'MUÑANI'),
(1801, '21', '02', '09', 'POTONI'),
(1802, '21', '02', '10', 'SAMAN'),
(1803, '21', '02', '11', 'SAN ANTON'),
(1804, '21', '02', '12', 'SAN JOSE'),
(1805, '21', '02', '13', 'SAN JUAN DE SALINAS'),
(1806, '21', '02', '14', 'SANTIAGO DE PUPUJA'),
(1807, '21', '02', '15', 'TIRAPATA'),
(1808, '21', '03', '00', 'CARABAYA'),
(1809, '21', '03', '01', 'MACUSANI'),
(1810, '21', '03', '02', 'AJOYANI'),
(1811, '21', '03', '03', 'AYAPATA'),
(1812, '21', '03', '04', 'COASA'),
(1813, '21', '03', '05', 'CORANI'),
(1814, '21', '03', '06', 'CRUCERO'),
(1815, '21', '03', '07', 'ITUATA'),
(1816, '21', '03', '08', 'OLLACHEA'),
(1817, '21', '03', '09', 'SAN GABAN'),
(1818, '21', '03', '10', 'USICAYOS'),
(1819, '21', '04', '00', 'CHUCUITO'),
(1820, '21', '04', '01', 'JULI'),
(1821, '21', '04', '02', 'DESAGUADERO'),
(1822, '21', '04', '03', 'HUACULLANI'),
(1823, '21', '04', '04', 'KELLUYO'),
(1824, '21', '04', '05', 'PISACOMA'),
(1825, '21', '04', '06', 'POMATA'),
(1826, '21', '04', '07', 'ZEPITA'),
(1827, '21', '05', '00', 'EL COLLAO'),
(1828, '21', '05', '01', 'ILAVE'),
(1829, '21', '05', '02', 'CAPAZO'),
(1830, '21', '05', '03', 'PILCUYO'),
(1831, '21', '05', '04', 'SANTA ROSA'),
(1832, '21', '05', '05', 'CONDURIRI'),
(1833, '21', '06', '00', 'HUANCANE'),
(1834, '21', '06', '01', 'HUANCANE'),
(1835, '21', '06', '02', 'COJATA'),
(1836, '21', '06', '03', 'HUATASANI'),
(1837, '21', '06', '04', 'INCHUPALLA'),
(1838, '21', '06', '05', 'PUSI'),
(1839, '21', '06', '06', 'ROSASPATA'),
(1840, '21', '06', '07', 'TARACO'),
(1841, '21', '06', '08', 'VILQUE CHICO'),
(1842, '21', '07', '00', 'LAMPA'),
(1843, '21', '07', '01', 'LAMPA'),
(1844, '21', '07', '02', 'CABANILLA'),
(1845, '21', '07', '03', 'CALAPUJA'),
(1846, '21', '07', '04', 'NICASIO'),
(1847, '21', '07', '05', 'OCUVIRI'),
(1848, '21', '07', '06', 'PALCA'),
(1849, '21', '07', '07', 'PARATIA'),
(1850, '21', '07', '08', 'PUCARA'),
(1851, '21', '07', '09', 'SANTA LUCIA'),
(1852, '21', '07', '10', 'VILAVILA'),
(1853, '21', '08', '00', 'MELGAR'),
(1854, '21', '08', '01', 'AYAVIRI'),
(1855, '21', '08', '02', 'ANTAUTA'),
(1856, '21', '08', '03', 'CUPI'),
(1857, '21', '08', '04', 'LLALLI'),
(1858, '21', '08', '05', 'MACARI'),
(1859, '21', '08', '06', 'NUÑOA'),
(1860, '21', '08', '07', 'ORURILLO'),
(1861, '21', '08', '08', 'SANTA ROSA'),
(1862, '21', '08', '09', 'UMACHIRI'),
(1863, '21', '09', '00', 'MOHO'),
(1864, '21', '09', '01', 'MOHO'),
(1865, '21', '09', '02', 'CONIMA'),
(1866, '21', '09', '03', 'HUAYRAPATA'),
(1867, '21', '09', '04', 'TILALI'),
(1868, '21', '10', '00', 'SAN ANTONIO DE PUTINA'),
(1869, '21', '10', '01', 'PUTINA'),
(1870, '21', '10', '02', 'ANANEA'),
(1871, '21', '10', '03', 'PEDRO VILCA APAZA'),
(1872, '21', '10', '04', 'QUILCAPUNCU'),
(1873, '21', '10', '05', 'SINA'),
(1874, '21', '11', '00', 'SAN ROMAN'),
(1875, '21', '11', '01', 'JULIACA'),
(1876, '21', '11', '02', 'CABANA'),
(1877, '21', '11', '03', 'CABANILLAS'),
(1878, '21', '11', '04', 'CARACOTO'),
(1879, '21', '12', '00', 'SANDIA'),
(1880, '21', '12', '01', 'SANDIA'),
(1881, '21', '12', '02', 'CUYOCUYO'),
(1882, '21', '12', '03', 'LIMBANI'),
(1883, '21', '12', '04', 'PATAMBUCO'),
(1884, '21', '12', '05', 'PHARA'),
(1885, '21', '12', '06', 'QUIACA'),
(1886, '21', '12', '07', 'SAN JUAN DEL ORO'),
(1887, '21', '12', '08', 'YANAHUAYA'),
(1888, '21', '12', '09', 'ALTO INAMBARI'),
(1889, '21', '12', '10', 'SAN PEDRO DE PUTINA PUNCO'),
(1890, '21', '13', '00', 'YUNGUYO'),
(1891, '21', '13', '01', 'YUNGUYO'),
(1892, '21', '13', '02', 'ANAPIA'),
(1893, '21', '13', '03', 'COPANI'),
(1894, '21', '13', '04', 'CUTURAPI'),
(1895, '21', '13', '05', 'OLLARAYA'),
(1896, '21', '13', '06', 'TINICACHI'),
(1897, '21', '13', '07', 'UNICACHI'),
(1898, '22', '00', '00', 'SAN MARTIN'),
(1899, '22', '01', '00', 'MOYOBAMBA'),
(1900, '22', '01', '01', 'MOYOBAMBA'),
(1901, '22', '01', '02', 'CALZADA'),
(1902, '22', '01', '03', 'HABANA'),
(1903, '22', '01', '04', 'JEPELACIO'),
(1904, '22', '01', '05', 'SORITOR'),
(1905, '22', '01', '06', 'YANTALO'),
(1906, '22', '02', '00', 'BELLAVISTA'),
(1907, '22', '02', '01', 'BELLAVISTA'),
(1908, '22', '02', '02', 'ALTO BIAVO'),
(1909, '22', '02', '03', 'BAJO BIAVO'),
(1910, '22', '02', '04', 'HUALLAGA'),
(1911, '22', '02', '05', 'SAN PABLO'),
(1912, '22', '02', '06', 'SAN RAFAEL'),
(1913, '22', '03', '00', 'EL DORADO'),
(1914, '22', '03', '01', 'SAN JOSE DE SISA'),
(1915, '22', '03', '02', 'AGUA BLANCA'),
(1916, '22', '03', '03', 'SAN MARTIN'),
(1917, '22', '03', '04', 'SANTA ROSA'),
(1918, '22', '03', '05', 'SHATOJA'),
(1919, '22', '04', '00', 'HUALLAGA'),
(1920, '22', '04', '01', 'SAPOSOA'),
(1921, '22', '04', '02', 'ALTO SAPOSOA'),
(1922, '22', '04', '03', 'EL ESLABON'),
(1923, '22', '04', '04', 'PISCOYACU'),
(1924, '22', '04', '05', 'SACANCHE'),
(1925, '22', '04', '06', 'TINGO DE SAPOSOA'),
(1926, '22', '05', '00', 'LAMAS'),
(1927, '22', '05', '01', 'LAMAS'),
(1928, '22', '05', '02', 'ALONSO DE ALVARADO'),
(1929, '22', '05', '03', 'BARRANQUITA'),
(1930, '22', '05', '04', 'CAYNARACHI'),
(1931, '22', '05', '05', 'CUÑUMBUQUI'),
(1932, '22', '05', '06', 'PINTO RECODO'),
(1933, '22', '05', '07', 'RUMISAPA'),
(1934, '22', '05', '08', 'SAN ROQUE DE CUMBAZA'),
(1935, '22', '05', '09', 'SHANAO'),
(1936, '22', '05', '10', 'TABALOSOS'),
(1937, '22', '05', '11', 'ZAPATERO'),
(1938, '22', '06', '00', 'MARISCAL CACERES'),
(1939, '22', '06', '01', 'JUANJUI'),
(1940, '22', '06', '02', 'CAMPANILLA'),
(1941, '22', '06', '03', 'HUICUNGO'),
(1942, '22', '06', '04', 'PACHIZA'),
(1943, '22', '06', '05', 'PAJARILLO'),
(1944, '22', '07', '00', 'PICOTA'),
(1945, '22', '07', '01', 'PICOTA'),
(1946, '22', '07', '02', 'BUENOS AIRES'),
(1947, '22', '07', '03', 'CASPISAPA'),
(1948, '22', '07', '04', 'PILLUANA'),
(1949, '22', '07', '05', 'PUCACACA'),
(1950, '22', '07', '06', 'SAN CRISTOBAL'),
(1951, '22', '07', '07', 'SAN HILARION'),
(1952, '22', '07', '08', 'SHAMBOYACU'),
(1953, '22', '07', '09', 'TINGO DE PONASA'),
(1954, '22', '07', '10', 'TRES UNIDOS'),
(1955, '22', '08', '00', 'RIOJA'),
(1956, '22', '08', '01', 'RIOJA'),
(1957, '22', '08', '02', 'AWAJUN'),
(1958, '22', '08', '03', 'ELIAS SOPLIN VARGAS'),
(1959, '22', '08', '04', 'NUEVA CAJAMARCA'),
(1960, '22', '08', '05', 'PARDO MIGUEL'),
(1961, '22', '08', '06', 'POSIC'),
(1962, '22', '08', '07', 'SAN FERNANDO'),
(1963, '22', '08', '08', 'YORONGOS'),
(1964, '22', '08', '09', 'YURACYACU'),
(1965, '22', '09', '00', 'SAN MARTIN'),
(1966, '22', '09', '01', 'TARAPOTO'),
(1967, '22', '09', '02', 'ALBERTO LEVEAU'),
(1968, '22', '09', '03', 'CACATACHI'),
(1969, '22', '09', '04', 'CHAZUTA'),
(1970, '22', '09', '05', 'CHIPURANA'),
(1971, '22', '09', '06', 'EL PORVENIR'),
(1972, '22', '09', '07', 'HUIMBAYOC'),
(1973, '22', '09', '08', 'JUAN GUERRA'),
(1974, '22', '09', '09', 'LA BANDA DE SHILCAYO'),
(1975, '22', '09', '10', 'MORALES'),
(1976, '22', '09', '11', 'PAPAPLAYA'),
(1977, '22', '09', '12', 'SAN ANTONIO'),
(1978, '22', '09', '13', 'SAUCE'),
(1979, '22', '09', '14', 'SHAPAJA'),
(1980, '22', '10', '00', 'TOCACHE'),
(1981, '22', '10', '01', 'TOCACHE'),
(1982, '22', '10', '02', 'NUEVO PROGRESO'),
(1983, '22', '10', '03', 'POLVORA'),
(1984, '22', '10', '04', 'SHUNTE'),
(1985, '22', '10', '05', 'UCHIZA'),
(1986, '23', '00', '00', 'TACNA'),
(1987, '23', '01', '00', 'TACNA'),
(1988, '23', '01', '01', 'TACNA'),
(1989, '23', '01', '02', 'ALTO DE LA ALIANZA'),
(1990, '23', '01', '03', 'CALANA'),
(1991, '23', '01', '04', 'CIUDAD NUEVA'),
(1992, '23', '01', '05', 'INCLAN'),
(1993, '23', '01', '06', 'PACHIA'),
(1994, '23', '01', '07', 'PALCA'),
(1995, '23', '01', '08', 'POCOLLAY'),
(1996, '23', '01', '09', 'SAMA'),
(1997, '23', '01', '10', 'CORONEL GREGORIO ALBARRACIN LANCHIPA'),
(1998, '23', '02', '00', 'CANDARAVE'),
(1999, '23', '02', '01', 'CANDARAVE'),
(2000, '23', '02', '02', 'CAIRANI'),
(2001, '23', '02', '03', 'CAMILACA'),
(2002, '23', '02', '04', 'CURIBAYA'),
(2003, '23', '02', '05', 'HUANUARA'),
(2004, '23', '02', '06', 'QUILAHUANI'),
(2005, '23', '03', '00', 'JORGE BASADRE'),
(2006, '23', '03', '01', 'LOCUMBA'),
(2007, '23', '03', '02', 'ILABAYA'),
(2008, '23', '03', '03', 'ITE'),
(2009, '23', '04', '00', 'TARATA'),
(2010, '23', '04', '01', 'TARATA'),
(2011, '23', '04', '02', 'HEROES ALBARRACIN'),
(2012, '23', '04', '03', 'ESTIQUE'),
(2013, '23', '04', '04', 'ESTIQUE-PAMPA'),
(2014, '23', '04', '05', 'SITAJARA'),
(2015, '23', '04', '06', 'SUSAPAYA'),
(2016, '23', '04', '07', 'TARUCACHI'),
(2017, '23', '04', '08', 'TICACO'),
(2018, '24', '00', '00', 'TUMBES'),
(2019, '24', '01', '00', 'TUMBES'),
(2020, '24', '01', '01', 'TUMBES'),
(2021, '24', '01', '02', 'CORRALES'),
(2022, '24', '01', '03', 'LA CRUZ'),
(2023, '24', '01', '04', 'PAMPAS DE HOSPITAL'),
(2024, '24', '01', '05', 'SAN JACINTO'),
(2025, '24', '01', '06', 'SAN JUAN DE LA VIRGEN'),
(2026, '24', '02', '00', 'CONTRALMIRANTE VILLAR'),
(2027, '24', '02', '01', 'ZORRITOS'),
(2028, '24', '02', '02', 'CASITAS'),
(2029, '24', '02', '03', 'CANOAS DE PUNTA SAL'),
(2030, '24', '03', '00', 'ZARUMILLA'),
(2031, '24', '03', '01', 'ZARUMILLA'),
(2032, '24', '03', '02', 'AGUAS VERDES'),
(2033, '24', '03', '03', 'MATAPALO'),
(2034, '24', '03', '04', 'PAPAYAL'),
(2035, '25', '00', '00', 'UCAYALI'),
(2036, '25', '01', '00', 'CORONEL PORTILLO'),
(2037, '25', '01', '01', 'CALLERIA'),
(2038, '25', '01', '02', 'CAMPOVERDE'),
(2039, '25', '01', '03', 'IPARIA'),
(2040, '25', '01', '04', 'MASISEA'),
(2041, '25', '01', '05', 'YARINACOCHA'),
(2042, '25', '01', '06', 'NUEVA REQUENA'),
(2043, '25', '01', '07', 'MANANTAY'),
(2044, '25', '02', '00', 'ATALAYA'),
(2045, '25', '02', '01', 'RAYMONDI'),
(2046, '25', '02', '02', 'SEPAHUA'),
(2047, '25', '02', '03', 'TAHUANIA'),
(2048, '25', '02', '04', 'YURUA'),
(2049, '25', '03', '00', 'PADRE ABAD'),
(2050, '25', '03', '01', 'PADRE ABAD'),
(2051, '25', '03', '02', 'IRAZOLA'),
(2052, '25', '03', '03', 'CURIMANA'),
(2053, '25', '04', '00', 'PURUS'),
(2054, '25', '04', '01', 'PURUS'),
(2055, '15', '11', '00', 'CALLAO'),
(2056, '15', '11', '01', 'CALLAO'),
(2057, '15', '11', '02', 'BELLAVISTA'),
(2058, '15', '11', '03', 'CARMEN DE LA LEGUA'),
(2059, '15', '11', '04', 'LA PERLA'),
(2060, '15', '11', '05', 'LA PUNTA'),
(2108, '15', '11', '06', 'VENTANILLA'),
(2109, '15', '11', '07', 'MI PERU'),
(2110, '15', '01', '44', 'PUEBLO LIBRE');

-- --------------------------------------------------------

--
-- Estructura de tabla para la tabla `unidades`
--

CREATE TABLE IF NOT EXISTS `unidades` (
  `id_unidad` int(11) NOT NULL AUTO_INCREMENT,
  `unidad` varchar(60) NOT NULL,
  `simbolo` varchar(10) NOT NULL,
  PRIMARY KEY (`id_unidad`)
) ENGINE=MyISAM  DEFAULT CHARSET=latin1 AUTO_INCREMENT=40 ;

--
-- Volcado de datos para la tabla `unidades`
--

INSERT INTO `unidades` (`id_unidad`, `unidad`, `simbolo`) VALUES
(20, 'Rollo', 'rll'),
(19, 'Frasco', 'fco'),
(18, 'Galón', 'gal'),
(17, 'Litro', 'L'),
(16, 'Pieza', 'pza'),
(15, 'Unidad', 'u'),
(14, 'Juego', 'jgo'),
(13, 'Kilogramo', 'kg'),
(21, 'Caja', 'cja'),
(22, 'Cada Uno', 'c'),
(23, 'Metro Cúbico', 'm3'),
(24, 'Global', 'glb'),
(25, 'Metro', 'm'),
(26, 'Tramo', 'trm'),
(27, 'Plancha', 'pl'),
(28, 'Servicio', 'ser'),
(29, 'Par', 'par'),
(30, 'Bolsa', 'bls'),
(31, 'Paquete', 'pk'),
(32, 'Botella', 'btll'),
(33, 'Balde', 'bal'),
(34, 'Kit', 'kit'),
(35, 'Centímetro', 'cm'),
(36, 'Tubo', 'tub'),
(37, 'Paquete', 'pqt'),
(38, 'Equipo', 'eqp'),
(39, 'Millar', 'mil');

-- --------------------------------------------------------

--
-- Estructura de tabla para la tabla `usuarios`
--

CREATE TABLE IF NOT EXISTS `usuarios` (
  `id_usuario` int(11) NOT NULL AUTO_INCREMENT,
  `usuario` varchar(20) CHARACTER SET latin1 NOT NULL,
  `clave` varchar(20) COLLATE utf8_bin NOT NULL,
  `nom_usuario` varchar(50) CHARACTER SET latin1 NOT NULL,
  `nivel_usuario` varchar(1) CHARACTER SET latin1 NOT NULL,
  `email` varchar(60) CHARACTER SET latin1 NOT NULL,
  PRIMARY KEY (`id_usuario`)
) ENGINE=MyISAM  DEFAULT CHARSET=utf8 COLLATE=utf8_bin AUTO_INCREMENT=21 ;

--
-- Volcado de datos para la tabla `usuarios`
--

INSERT INTO `usuarios` (`id_usuario`, `usuario`, `clave`, `nom_usuario`, `nivel_usuario`, `email`) VALUES
(1, 'Administrador', 'ghrtA345141', 'Nestor Rosales', 'A', 'nrosales@imex2000.com'),
(14, 'juan.huertas', 'JH412kjut', 'Juan Huertas', 'U', 'juan.huertas@eimemsac.com'),
(15, 'cesar', '1234', 'Prueba', 'A', 'cludena@hotmail.com'),
(16, 'percy.arzapalo', 'we1245PQ', 'Percy Arzapalo', 'U', 'percy.arzapalo@eimemsac.com'),
(17, 'edwing.zamora', 'EZ123amora', 'Edwing Zamora', 'U', 'ezamora@imex2000.com'),
(18, 'edward.zamora', 'ER8574ard', 'Edward Zamora', 'U', 'edward.zamora@imex2000.com'),
(19, 'alma', '1234', 'Almacenero Prueba', 'M', 'almacenero@hotmail.com'),
(20, 'ricardo.fernandez', 'RF12121nandez', 'Ricardo Fernanez', 'M', 'ricardo.fernandez@imex2000.com');

/*!40101 SET CHARACTER_SET_CLIENT=@OLD_CHARACTER_SET_CLIENT */;
/*!40101 SET CHARACTER_SET_RESULTS=@OLD_CHARACTER_SET_RESULTS */;
/*!40101 SET COLLATION_CONNECTION=@OLD_COLLATION_CONNECTION */;
